candidates,name,species,uniprotID,start#,sequence,secondary,class,loc_DISO,loc_CDD,beta,refDB,motif_class
cand_D,ADAR1,Homo sapiens,P55265,122,GVDCLSSHFQELSIYQ,CCCCCCCCCCCCCCCC,c1a-5,boundary,boundary|z-alpha;,0,NESdb:110,1a
cand_D,Cdc7,Homo sapiens,O00311,457,DLRKLCERLRGMDS,CHHHHHHHHCCCCC,c3-4,boundary,boundary|STKc_Cdc7; MID|PKc_like superfamily;,0,"NESdb:197
validNES:P189",3
cand_D,Cdc7,Homo sapiens,O00311,538,VPDEAYDLLDKLLDLNP,CCCHHHHHHHHHCCCCC,c1c-AT-4,boundary,boundary|PKc_like superfamily;,0,"NESdb:197
validNES:P189",1c
cand_D,CPEB4,Homo sapiens,Q17RY0,379,RTFDMHSLESSLIDIM,CCCCCCCCHHHHHHHH,c1aR-5,DISO,,0,NESdb:198,1a-R
cand_D,CPEB4,Homo sapiens,Q17RY0,382,DMHSLESSLIDIMR,CCCCCHHHHHHHHC,c3-4,DISO,,0,NESdb:198,3
cand_D,FMRP,Homo sapiens,Q06787,420,HLNYLKEVDQLRLER,HHHHHHHHHHHHHHH,c1b-5,DISO,boundary|FXMRP1_C_core;,0,NESdb:22,1b
cand_D,FMRP,Homo sapiens,Q06787,426,EVDQLRLERLQIDE,HHHHHHHHHHHHHH,c2-5,DISO,boundary|FXMRP1_C_core;,0,NESdb:22,2
cand_D,HDAC5,Homo sapiens,Q9UQL6,1081,EEAETVSAMALLSVGA,CHHHHHHHCCCCCCCH,c1a-AT-4,DISO,boundary|HDAC5;,0,"NESdb:61
validNES:P069",1a
cand_D,HIV-REV,Human immunodeficiency virus type 1,P69718,74,QLPPLERLTLDC,CCCCCCCCCCCC,c2-rev,DISO,boundary|REV;,0,NESdb:2,2
cand_D,HPV16 E7,Human papillomavirus type 16,P03129,75,DIRTLEDLLMGTLGIVC,HHHHHHHHHCCCCCEEC,c1c-5,boundary,boundary|E7;,0,NESdb:114,1c
cand_D,HPV16 E7,Human papillomavirus type 16,P03129,78,TLEDLLMGTLGIVC,HHHHHHCCCCCEEC,c2-5,boundary,boundary|E7;,0,NESdb:114,2
cand_D,hRio2,Homo sapiens,Q9BVS4,389,RSFEMTEFNQALEEIK,CCCCCCCCHHHHHHHC,c1aR-5,DISO,,0,NESdb:153,1a-R
cand_D,hRio2,Homo sapiens,Q9BVS4,392,EMTEFNQALEEIKG,CCCCCHHHHHHHCC,c3-4,DISO,,0,NESdb:153,3
cand_D,MAPKK1/MEK1; map2k1,Xenopus laevis,Q05116,29,NLEALQKKLEELELDE,CHHHHHHHHHHCCCCH,c1a-5,DISO,boundary|PKc_MEK1;,0,"NESdb:11
validNES:P012",1a
cand_D,mDia2,Mus musculus,Q9Z207,1157,SVPEVEALLARLRA,CHHHHHHHHHHHHC,c3-4,DISO,,0,NESdb:77,3
cand_D,mDia2,Mus musculus,Q9Z207,1160,EVEALLARLRALXX,HHHHHHHHHHCC,c3-4-Ct,DISO,,0,NESdb:77,3
cand_D,NPM mutants,Homo sapiens,ABC40399.1,283,AIQDLCMAVEEVSLRK,HHHHHHHHHHHHHCCC,c1a-5,boundary,,0,NESdb:94,1a
cand_D,NS2-P (MVM),Murine minute virus,Q83414,78,TVDEMTKKFGTLTIHD,HHHHHHHHHCCEEEEC,c1a-5,DISO,,0,"NESdb:85
validNES:P140",1a
cand_D,p73; TP73,Homo sapiens,O15350,367,ILMKLKESLELMELVP,HHHHHHHHHHHHHCCC,c1a-5,DISO,small|P53_tetramer;,0,"NESdb:39
validNES:P031",1a
cand_D,PKIα,Homo sapiens,P61925,34,NSNELALKLAGLDINK,CCHHHHHHHHCCCCCC,c1a-4,DISO,boundary|PKI;,0,"NESdb:5
validNES:P001",1a
cand_D,PKIα,Homo sapiens,P61925,36,NELALKLAGLDINK,HHHHHHHHCCCCCC,c2-4,DISO,boundary|PKI;,0,"NESdb:5
validNES:P001",2
cand_D,Smad4,Homo sapiens,Q13485,137,VSPGIDLSGLTLQS,CCCCCCCCCCCCCC,c2-4,DISO,boundary|MH1_SMAD_4;,0,"NESdb:18
validNES:P035",2
cand_D,SNUPN,Homo sapiens,O95149,1,XMEELSQALASSFSVSQ,CHHHHHHHHCCCCCCCC,c1c-5-Nt,DISO,,0,NESdb:1,1c
cand_D,STRADα,Homo sapiens,Q7RTN6,16,SEKFIVEGLRDLELFG,HHHHHHHCCCCCCCCC,c1a-4,DISO,,0,NESdb:154,1a
cand_D,STRADα,Homo sapiens,Q7RTN6,413,GIFGLVTNLEELEVDD,CCCCCCCCCCCCCCCC,c1a-5,DISO,boundary|PK_STRAD_alpha;,0,NESdb:154,1a
cand_D,X11L2,Homo sapiens,O96018,56,SLQELVQQFEALPGDLVG,HHHHHHHHHHCCCCCCCC,c4-5,DISO,,0,NESdb:141,4
cand_D,X11L2,Homo sapiens,O96018,56,SLQELVQQFEALPG,HHHHHHHHHHCCCC,c3-4,DISO,,0,NESdb:141,3
cand_D,4E-T,Homo sapiens,Q9NRA8,434,SVEEVEAGLKGLKVDQ,HHHHHHHHHCCCCCCC,c1a-5,DISO,MID|EIF4E-T;,0,NESdb:233,1a
cand_D,4E-T,Homo sapiens,Q9NRA8,609,PMSPITAQMSQLELQQ,CCCCHHHHCCHHHHHH,c1a-5,DISO,MID|EIF4E-T;,0,NESdb:233,1a
cand_D,4E-T,Homo sapiens,Q9NRA8,618,SQLELQQAALEGLALPH,CHHHHHHHHCCCCCCCC,c1c-AT-4,DISO,MID|EIF4E-T;,0,NESdb:233,1c
cand_D,Abl1,Mus musculus,P00520,1079,AINKLESNLRELQICP,HHHHHHHHCCCCCCCC,c1a-5,DISO,MID|FABD;,0,validNES:P007,1a
cand_D,ACD,Homo sapiens,Q96AP0,267,HQGALVCLAESCLTLEG,HHHHHHHHHHHHCCCCC,c1c-AT-4,DISO,,0,validNES:P156,1c
cand_O,ACT1,Saccharomyces cerevisiae,P60010,158,GVTHVVPIYAGFSLPH,CCEEECCCCCCCCCCC,c1d-5,ORD,MID|NBD_sugar-kinase_HSP70_actin superfamily;,0.143,validNES:P009,1d
cand_O,ACT1,Saccharomyces cerevisiae,P60010,167,AGFSLPHAILRIDLAG,CCCCCCCHHHHHCCCC,c1a-4,ORD,MID|NBD_sugar-kinase_HSP70_actin superfamily;,0,validNES:P009,1a
cand_D,ACT1,Saccharomyces cerevisiae,P60010,208,IVRDIKEKLCYVALDF,HHHHCCCCCEEEECCH,c1a-5,boundary,MID|NBD_sugar-kinase_HSP70_actin superfamily;,0.286,validNES:P009,1a
cand_D,Actinin-4,Homo sapiens,O43707,131,AEEIVDGNAKMTLGMIW,CCCCCCCCCHHHHHHHH,c1c-AT-4,boundary,MID|SAC6 superfamily;,0,NESdb:227,1c
cand_D,Actinin-4,Homo sapiens,O43707,142,TLGMIWTIILRFAIQD,HHHHHHHHHHHHCCCC,c1a-5,boundary,MID|SAC6 superfamily;,0,NESdb:227,1a
cand_D,Adar,Mus musculus,Q99MU3,124,GADGLCSHFRELSISQ,CCCCCCCCCCCCCCCC,c1a-4,boundary,boundary|z-alpha;,0,validNES:P119,1a
cand_D,AhR,Homo sapiens,P35869,56,FPQDVINKLDKLSVLR,CCHHHHHCHHHHHHHH,c1a-4,DISO,small|HLH;,0,NESdb:55,1a
cand_D,AhR,Homo sapiens,P35869,63,KLDKLSVLRLSVSY,CHHHHHHHHHHHCC,c2-5,DISO,small|HLH;,0,NESdb:55,2
cand_D,AhR,Homo sapiens,P35869,66,KLSVLRLSVSYLRA,HHHHHHHHHCCCCC,c3-4,DISO,,0,NESdb:55,3
cand_D,AID,Takifugu rubripes,Q75R42,185,DLEDLRDALKLLGFXX,CCCHHHHHHCCCCC,c1a-5-Ct,boundary,boundary|APOBEC_N;,0,validNES:P133,1a
cand_D,AID; AICDA,Homo sapiens,Q9GZX7,185,EVDDLRDAFRTLGLXX,CCCCHHHHCCCCCC,c1a-5-Ct,boundary,boundary|APOBEC_N;,0,"NESdb:75
validNES:P122",1a
cand_D,Akt1,Homo sapiens,P31749,271,VYRDLKLENLMLDK,EEECCCCCCCCCCC,c2-4,boundary,MID|STKc_PKB_alpha;,0,"NESdb:261
validNES:P199",2
cand_D,AMPKα2,Rattus norvegicus,Q09137,528,ASPRLGSHTMDFFEMCA,CCCCCCCCCCCHHHHHH,c1c-AT-4,boundary,boundary|AMPKA2_C;,0,NESdb:156,1c
cand_D,AMPKα2,Rattus norvegicus,Q09137,535,HTMDFFEMCASLITAL,CCCCHHHHHHHHHHHH,c1aR-4,boundary,boundary|AMPKA2_C;,0,NESdb:156,1a-R
cand_D,An3,Xenopus laevis,P24346,8,NVLNLDQQFAGLDLNS,CCCCHHHHCCCCCCCC,c1a-5,DISO,boundary|Rho superfamily;,0,NESdb:88,1a
cand_D,ANCO-1; ANKRD11,Homo sapiens,Q6UB99,2411,IQQTLAAIVDAIKLDA,HCCHHHHHHCCCCCCC,c1a-4,DISO,,0,"NESdb:216
validNES:P111",1a
cand_D,ANKRD54,Homo sapiens,Q6NXT1,279,EVTDLLASFTSLSLQM,HHHHHHHCCCCCCCCC,c1a-5,DISO,,0,validNES:P207,1a
cand_D,ANXA2,Homo sapiens,P07355,1,XMSTVHEILCKLSLEG,CCHHHHHHHCCCCCCC,c1a-5-Nt,DISO,boundary|Annexin;,0,validNES:P191,1a
cand_D,APC Protein,Homo sapiens,P25054,64,GQIDLLERLKELNLDS,CCHHHHHHHHCCCCCC,c1a-4,DISO,boundary|APC_N_CC; MID|SMC_N superfamily;,0,"NESdb:47
validNES:P041",1a
cand_D,APC Protein,Homo sapiens,P25054,1649,INFSTATSLSDLTIES,CCCCCCCCCCCCCCCC,c1a-AT-4,DISO,MID|DUF4045 superfamily; boundary|APC_u13;,0,"NESdb:47
validNES:P041",1a
cand_D,APOBEC1,Rattus norvegicus,P38483,169,RYPHLWVRLYVLELYC,CCCHHHHHHHHHHHHH,c1a-4,boundary,boundary|APOBEC_N;,0,"NESdb:76
validNES:P095",1a
cand_D,APOBEC1,Rattus norvegicus,P38483,171,PHLWVRLYVLELYC,CHHHHHHHHHHHHH,c2-4,boundary,boundary|APOBEC_N;,0,"NESdb:76
validNES:P095",2
cand_D,APOBEC1,Rattus norvegicus,P38483,175,VRLYVLELYCIILGLP,HHHHHHHHHHHHCCCC,c1aR-5,boundary,boundary|APOBEC_N;,0,"NESdb:76
validNES:P095",1a-R
cand_D,APOBEC1,Rattus norvegicus,P38483,176,RLYVLELYCIILGL,HHHHHHHHHHHCCC,c2-5,boundary,boundary|APOBEC_N;,0,"NESdb:76
validNES:P095",2
cand_D,APOBEC1,Rattus norvegicus,P38483,178,YVLELYCIILGLPPCL,HHHHHHHHHCCCCCCC,c1aR-4,boundary,boundary|APOBEC_N;,0,"NESdb:76
validNES:P095",1a-R
cand_D,APOBEC1,Rattus norvegicus,P38483,178,YVLELYCIILGLPPCLNI,HHHHHHHHHCCCCCCCCC,c4-5,boundary,boundary|APOBEC_N;,0,"NESdb:76
validNES:P095",4
cand_D,APOBEC1,Rattus norvegicus,P38483,178,YVLELYCIILGLPP,HHHHHHHHHCCCCC,c3-4,boundary,boundary|APOBEC_N;,0,"NESdb:76
validNES:P095",3
cand_D,APOBEC1,Rattus norvegicus,P38483,185,IILGLPPCLNILRR,HHCCCCCCCCCCCC,c3-4,boundary,boundary|APOBEC_N;,0,"NESdb:76
validNES:P095",3
cand_D,ATF-2,Homo sapiens,P15336,386,DLSSLNGQLQSEVTLLR,HHHHHHHHHHHHHHHHH,c1c-5,DISO,boundary|bZIP_ATF2;,0,"NESdb:208
validNES:P085",1c
cand_D,ATF-2,Homo sapiens,P15336,397,EVTLLRNEVAQLKQ,HHHHHHHHHHHHHH,c3-4,DISO,boundary|bZIP_ATF2;,0,"NESdb:208
validNES:P085",3
cand_D,Aven,Homo sapiens,Q9NQS1,278,AGDHLEEELDLLLNLDA,CCCCCHHHHHHHHCCCC,c1c-4,DISO,,0,NESdb:174,1c
cand_D,Beclin 1,Homo sapiens,Q14457,176,DSEQLQMELKELALEE,CHHHHHHHHHHHHHHH,c1a-4,boundary,MID|APG6;,0,NESdb:132,1a
cand_D,Beclin 1,Homo sapiens,Q14457,178,EQLQMELKELALEE,HHHHHHHHHHHHHH,c2-4,boundary,MID|APG6;,0,NESdb:132,2
cand_D,Beta-tubulin,Sus scrofa,P02554,38,GDSDLQLERINVYY,CCCCCCCCCEEEEE,c2-4,boundary,MID|PLN00220;,0.143,validNES:P141,2
cand_D,BICP27; bie27,Bovine herpesvirus 1,Q01354,298,SLEELCAARRLSLAT,CHHHHHHHHCCCCCC,c1b-AT-5,boundary,MID|Herpes_UL69 superfamily;,0,"NESdb:176
validNES:P169",1b
cand_D,Birc5,Mus musculus,O70201,85,AFLTVKKQMEELTVSE,CCEECCCCCCCHHHHH,c1a-5,boundary,boundary|BIR;,0,validNES:P079,1a
cand_D,BIRC5,Homo sapiens,O15392-4,85,AFLSVKKQFEELTLGE,CCEECCCCCCCCCHHH,c1a-5,boundary,boundary|BIR;,0,validNES:P192,1a
cand_D,Bok,Homo sapiens,Q9UMX3,62,RLAEVCAVLLRLGD,CHHHHHHHHHHHHH,c3-4,boundary,MID|Bcl-2_like;,0,"NESdb:107
validNES:P126",3
cand_D,Bok,Homo sapiens,Q9UMX3,65,EVCAVLLRLGDELEMIR,HHHHHHHHHHHHHHHHC,c1c-5,boundary,MID|Bcl-2_like;,0,"NESdb:107
validNES:P126",1c
cand_D,Bok,Homo sapiens,Q9UMX3,69,VLLRLGDELEMIRP,HHHHHHHHHHHHCH,c3-4,boundary,MID|Bcl-2_like;,0,"NESdb:107
validNES:P126",3
cand_D,Bok,Homo sapiens,Q9UMX3,69,VLLRLGDELEMIRPSVYR,HHHHHHHHHHHHCHHHHH,c4-5,boundary,MID|Bcl-2_like;,0,"NESdb:107
validNES:P126",4
cand_O,BPV-E1,Bovine papillomavirus type 1,P03116,405,QNIELITFINALKLWL,CCCCHHHHHHHHHHHH,c1a-4,ORD,MID|PHA02774;,0,"NESdb:139
validNES:P187",1a
cand_O,BPV-E1,Bovine papillomavirus type 1,P03116,405,QNIELITFINALKLWL,CCCCHHHHHHHHHHHH,c1aR-4,ORD,MID|PHA02774;,0,"NESdb:139
validNES:P187",1a-R
cand_D,BRCA1,Homo sapiens,P38398,24,CPICLELIKEPVSTKC,CCCCCCCCCCCCCCCC,c1aR-4,DISO,small|RING-HC_BRCA1; boundary|RAD18 superfamily;,0,"NESdb:10
validNES:P014",1a-R
cand_D,BRCA1,Homo sapiens,P38398,75,ESTRFSQLVEELLKIIC,CCHHHHHHHHHHHHHHH,c1c-4,DISO,MID|RAD18 superfamily;,0,"NESdb:10
validNES:P014",1c
cand_D,BRCA1,Homo sapiens,P38398,82,LVEELLKIICAFQLDT,HHHHHHHHHHHHCCCC,c1a-5,DISO,MID|RAD18 superfamily;,0,"NESdb:10
validNES:P014",1a
cand_D,BRCA2,Homo sapiens,P51587,1376,GNTQIKEDLSDLTFLE,CCCCCCCCCCCCCHHH,c1a-4,DISO,,0,"NESdb:169
validNES:P137",1a
cand_D,BRO-a,Bombyx mori nuclear polyhedrosis virus,O92398,89,TVLITKEGVIQLIMKS,EEEECHHHHHHHHHHC,c1a-AT-5,boundary,boundary|Bro-N;,0,"NESdb:184
validNES:P131",1a
cand_D,BRO-a,Bombyx mori nuclear polyhedrosis virus,O92398,98,IQLIMKSKLPYAVELQA,HHHHHHCCCCCHHHHHH,c1cR-4,boundary,boundary|Bro-N;,0,"NESdb:184
validNES:P131",1c-R
cand_D,C,Measles virus,P35977,72,AVRDLERAMTTLKLWE,HHHHHHHHHHHHHHCC,c1a-5,boundary,MID|Paramyxo_NS_C superfamily;,0,NESdb:195,1a
cand_D,CaMKIα,Rattus norvegicus,Q63450,308,NATAVVRHMRKLQLGT,HHHHHHHHHHHHHCCC,c1a-4,DISO,boundary|STKc_CaMKI_alpha;,0,NESdb:143,1a
cand_D,Cdc14A,Homo sapiens,Q9UNH5,351,SINKILSGLDDMSIGG,CCCCCCCCCCCCCCCC,c1a-5,DISO,boundary|PTPc superfamily;,0,"NESdb:124
validNES:P127",1a
cand_D,CDC14B,Homo sapiens,O60729,389,AFSKLLSGVDDISING,CCCCCCCCCCCCCCCC,c1a-5,DISO,boundary|PTPc superfamily;,0,validNES:P078,1a
cand_D,Cdc25,Xenopus laevis,P30309,43,PEQPLTPVTDLAVGFSN,CCCCCCCHHHCCCCCCC,c1c-AT-4,DISO,,0,"NESdb:46
validNES:P040",1c
cand_D,Cdc25,Xenopus laevis,P30309,49,PVTDLAVGFSNLST,CHHHCCCCCCCCCC,c3-4,DISO,,0,"NESdb:46
validNES:P040",3
cand_D,Cdc25,Xenopus laevis,P30309,338,LKKTLSLCDVDIST,CCCCCCCCCCCCCC,c2-4,DISO,boundary|M-inducer_phosp superfamily;,0,"NESdb:46
validNES:P040",2
cand_beta_D,Cdc6,Homo sapiens,Q99741,309,SHLVLIGIANTLDLTD,CCEEEEEEECCCCCCC,c1aR-4,boundary,MID|CDC6;,0.714,NESdb:260,1a-R
cand_D,CFL1,Homo sapiens,P23528,7,VSDGVIKVFNDMKVRK,CCHHHHHHHHHHCCCC,c1a-4,boundary,boundary|ADF_cofilin_like;,0,validNES:P209,1a
cand_D,Chp,Rattus norvegicus,P61023,134,ELLQVLRMMVGVNISD,HHHHHHHHHHCCCCCH,c1a-5,boundary,MID|FRQ1;,0,validNES:P217,1a
cand_D,Chp,Rattus norvegicus,P61023,172,SFTEFVKVLEKVDVEQ,CHHHHHHHHCCCCCCC,c1a-5,boundary,boundary|FRQ1;,0,validNES:P217,1a
cand_D,CHP1,Homo sapiens,Q99653,134,ELLQVLRMMVGVNISD,HHHHHHHHHHCCCCCH,c1a-5,boundary,MID|FRQ1;,0,NESdb:96,1a
cand_D,CHP1,Homo sapiens,Q99653,172,SFTEFVKVLEKVDVEQ,CHHHHHHHHCCCCCCC,c1a-5,boundary,boundary|FRQ1;,0,NESdb:96,1a
cand_D,ChREBP,Rattus norvegicus,Q8VIP2,1,XMARALADLSVNLQVPR,CHHHHCCCCCCCCCCCC,c1c-AT-5-Nt,DISO,,0,NESdb:178,1c
cand_D,ChREBP,Rattus norvegicus,Q8VIP2,82,IDPTLTRLFECLSLAY,CCHHHHHHHHHHCEEC,c1a-4,boundary,,0,NESdb:178,1a
cand_D,cIAP1,Homo sapiens,Q13490,246,NCPFLENSLETLRFSI,CCCCCCCCCCCCCCCC,c1a-4,boundary,boundary|BIR; boundary|BIR;,0,NESdb:103,1a
cand_D,cIAP1,Homo sapiens,Q13490,253,SLETLRFSISNLSMQT,CCCCCCCCCCCCCHHH,c1a-5,boundary,boundary|BIR; boundary|BIR;,0,NESdb:103,1a
cand_D,COMMD1,Homo sapiens,Q8N668,134,HSAQIHTPVAIIELEL,HHHHCCCCEEEEEEEE,c1a-4,boundary,MID|Commd1_MURR1;,0.429,NESdb:117,1a
cand_beta_D,COMMD1,Homo sapiens,Q8N668,138,IHTPVAIIELELGK,CCCCEEEEEEEECC,c2-4,boundary,MID|Commd1_MURR1;,0.857,NESdb:117,2
cand_beta_D,COMMD1,Homo sapiens,Q8N668,155,ESEFLCLEFDEVKVNQ,CCCCEEEEECHHHHHH,c1a-4,boundary,boundary|Commd1_MURR1;,0.714,NESdb:117,1a
cand_beta_D,COMMD1,Homo sapiens,Q8N668,157,EFLCLEFDEVKVNQ,CCEEEEECHHHHHH,c2-5,boundary,boundary|Commd1_MURR1;,0.571,NESdb:117,2
cand_D,COMMD1,Homo sapiens,Q8N668,167,KVNQILKTLSEVEE,HHHHHHHHHHHHHH,c3-4,boundary,boundary|Commd1_MURR1;,0,NESdb:117,3
cand_D,COP1; Rfwd2,Mus musculus,Q9R1A8,231,DQDNLDLANVNLML,CCCCCCHHHHHHHH,c2-4,DISO,boundary|WD40 superfamily;,0,"NESdb:82
validNES:P125",2
cand_D,COP1; Rfwd2,Mus musculus,Q9R1A8,233,DNLDLANVNLMLELLV,CCCCHHHHHHHHHHHH,c1aR-5,DISO,boundary|WD40 superfamily;,0,"NESdb:82
validNES:P125",1a-R
cand_D,COP1; Rfwd2,Mus musculus,Q9R1A8,236,DLANVNLMLELLVQ,CHHHHHHHHHHHHH,c3-4,DISO,boundary|WD40 superfamily;,0,"NESdb:82
validNES:P125",3
cand_D,CPEB1,Homo sapiens,Q9BZB8,85,SSRGLPDANDLCLGL,CCCCCCCCCCCCCCC,c1b-AT-4,DISO,MID|CEBP1_N;,0,"NESdb:150
validNES:P180",1b
cand_D,CPEB1,Homo sapiens,Q9BZB8,91,DANDLCLGLQSLSLTG,CCCCCCCCCCCCCCCC,c1a-4,DISO,MID|CEBP1_N;,0,"NESdb:150
validNES:P180",1a
cand_D,CPEB1,Homo sapiens,Q9BZB8,93,NDLCLGLQSLSLTG,CCCCCCCCCCCCCC,c2-4,DISO,MID|CEBP1_N;,0,"NESdb:150
validNES:P180",2
cand_D,CPEB1,Homo sapiens,Q9BZB8,194,GSDHLSDLISSLRISP,CCCCCHHHCCCCCCCC,c1a-4,DISO,MID|CEBP1_N;,0,"NESdb:150
validNES:P180",1a
cand_D,CPEB3,Mus musculus,Q7TN99,343,DTFNLHSLENSLMDMI,CCCCCCCCCCCCCCCC,c1aR-5,DISO,,0,NESdb:251,1a-R
cand_D,CPEB3,Mus musculus,Q7TN99,346,NLHSLENSLMDMIR,CCCCCCCCCCCCCC,c3-4,DISO,,0,NESdb:251,3
cand_D,Crk,Homo sapiens,P46108,252,DKTALALEVGELVKVTK,CCCCCCCCCCCEEEEEE,c1c-4,boundary,boundary|SH3_CRK_C;,0.125,NESdb:57,1c
cand_beta_D,Crk,Homo sapiens,P46108,260,VGELVKVTKINVSG,CCCEEEEEEECCCC,c2-4,boundary,boundary|SH3_CRK_C;,1,NESdb:57,2
cand_D,CTNND1,Homo sapiens,O60716-18,833,GQESLEEELDVLVLDD,CCCCHHHHCCCCCCCC,c1a-4,DISO,,0,validNES:P005,1a
cand_D,Cyclin B1; ccnb1,Xenopus laevis,P13350,104,LPDELCQAFSDVLIHV,CHHHHHHHHHHCCCCC,c1a-4,__,boundary|Cyclin_N2 superfamily;,0,"NESdb:9
validNES:P022",1a
cand_D,Cyclin B1; CCNB1,Homo sapiens,P14635,138,AEEDLCQAFSDVILAV,CHHHHHHHHHHCCCCC,c1a-4,__,boundary|Cyclin_N2 superfamily;,0,"NESdb:12
validNES:P008",1a
cand_D,Cyclin B1; CCNB1,Homo sapiens,P14635,145,AFSDVILAVNDVDA,HHHHCCCCCCCCCC,c3-4,boundary,boundary|Cyclin_N2 superfamily;,0,"NESdb:12
validNES:P008",3
cand_D,Cyclin D1,Homo sapiens,P24385,282,DLACTPTDVRDVDIXX,CCCCCCCCCCCCCC,c1a-AT-5-Ct,DISO,boundary|Cyclin_C;,0,NESdb:54,1a
cand_D,Dab1,Mus musculus,P97318-2,146,AAEPVILDLRDLFQLIY,CHHHHHHHHHHHHHHHH,c1c-4,boundary,boundary|PTB_Dab;,0,validNES:P101,1c
cand_D,Dab1,Mus musculus,P97318-2,150,VILDLRDLFQLIYE,HHHHHHHHHHHHHH,c3-4,boundary,boundary|PTB_Dab;,0,validNES:P101,3
cand_D,Dab1,Mus musculus,P97318-2,150,VILDLRDLFQLIYELK,HHHHHHHHHHHHHHHH,c1aR-5,boundary,boundary|PTB_Dab;,0,validNES:P101,1a-R
cand_D,Dab1,Mus musculus,P97318-2,458,DCDDFDISQLNLTP,CCCCCCCCCCCCCC,c2-4,DISO,boundary|DNA_pol3_gamma3 superfamily;,0,validNES:P101,2
cand_D,DAB1,Mus musculus,P97318,146,AAEPVILDLRDLFQLIY,CHHHHHHHHHHHHHHHH,c1c-4,boundary,boundary|PTB_Dab;,0,NESdb:168,1c
cand_D,DAB1,Mus musculus,P97318,150,VILDLRDLFQLIYE,HHHHHHHHHHHHHH,c3-4,boundary,boundary|PTB_Dab;,0,NESdb:168,3
cand_D,DAB1,Mus musculus,P97318,150,VILDLRDLFQLIYELK,HHHHHHHHHHHHHHHH,c1aR-5,boundary,boundary|PTB_Dab;,0,NESdb:168,1a-R
cand_D,DAB1,Mus musculus,P97318,458,DCDDFDISQLNLTP,CCCCCCCCCCCCCC,c2-4,DISO,boundary|DNA_pol3_gamma3 superfamily;,0,NESdb:168,2
cand_D,DEAF1,Homo sapiens,O75398,452,SWLYLEEMVNSLLNTA,HHHHHHHHHHHHHHHH,c1aR-4,DISO,,0,validNES:P147,1a-R
cand_D,DEAF1,Homo sapiens,O75398,459,MVNSLLNTAQQLKT,HHHHHHHHHHHHHH,c3-AT,DISO,,0,validNES:P147,3
cand_D,DEAF1,Homo sapiens,O75398,462,SLLNTAQQLKTLFE,HHHHHHHHHHHHHH,c3-AT,DISO,,0,validNES:P147,3
cand_D,Dengue Virus NS5,Dengue Virus type 2,P14340,330,KPWDVVPMVTQMAMTD,CCCCCCCCEEEEEECC,c1a-4,boundary,MID|Flavi_NS5 superfamily;,0.429,NESdb:78,1a
cand_beta_D,Dengue Virus NS5,Dengue Virus type 2,P14340,334,VVPMVTQMAMTD,CCCCEEEEEECC,c2-rev,boundary,MID|Flavi_NS5 superfamily;,0.833,NESdb:78,2
cand_D,DGKζ,Rattus norvegicus,O08560,357,TVGWILSTLDQLRLKP,CEEEECCHHHHCCCCC,c1a-5,boundary,MID|DAGKc;,0.143,"NESdb:161
validNES:P171",1a
cand_D,DOK7,Homo sapiens,Q18PE1,227,VEERVAQEALETLQLEK,HHHHHHHHHHHHHHHCC,c1c-AT-4,DISO,boundary|PTB_DOK7;,0,validNES:P107,1c
cand_D,DOK7,Homo sapiens,Q18PE1,228,EERVAQEALETLQLEK,HHHHHHHHHHHHHHCC,c1a-AT-4,DISO,boundary|PTB_DOK7;,0,validNES:P107,1a
cand_D,DOK7,Homo sapiens,Q18PE1,234,EALETLQLEKRLSLLS,HHHHHHHHCCCCCCCC,c1d-AT-4,DISO,boundary|PTB_DOK7;,0,validNES:P107,1d
cand_D,Dpr1,Homo sapiens,Q9NYF0,128,QLQELDKQISDLRLDV,HHHHHHHHCCCCCCCC,c1a-5,DISO,MID|Dapper;,0,NESdb:109,1a
cand_D,Dsk1,Schizosaccharomyces pombe,P36616,305,RFPSLEGAVSEISLRD,CCCCCCCCCCCCCCCC,c1a-5,DISO,MID|STKc_SRPK;,0,NESdb:70,1a
cand_D,Dysbindin,Homo sapiens,Q96EV8,229,SSMEVNVDMLEQMDLMD,CCCCCCCCHHHHHCCCC,c1c-4,DISO,boundary|SMC_N superfamily; MID|Dysbindin;,0,NESdb:180,1c
cand_D,Dysbindin,Homo sapiens,Q96EV8,233,VNVDMLEQMDLMDISD,CCCCHHHHHCCCCCCC,c1a-4,DISO,boundary|SMC_N superfamily; MID|Dysbindin;,0,NESdb:180,1a
cand_D,E1B-55K,Human adenovirus C serotype 5,P03243,79,QVAELYPELRRILT,CCCCCCHHHHCCEE,c3-4,DISO,boundary|Adeno_E1B_55K;,0,"NESdb:34
validNES:P025",3
cand_D,E1B-55K,Human adenovirus C serotype 5,P03243,79,QVAELYPELRRILTITE,CCCCCCHHHHCCEEECC,c1c-5,DISO,boundary|Adeno_E1B_55K;,0,"NESdb:34
validNES:P025",1c
cand_D,E2F-4,Homo sapiens,Q16254,57,RIYDITNVLEGIGLIE,EEECCCCCCCCCCCEE,c1a-5,boundary,boundary|E2F_TDP;,0,"NESdb:65
validNES:P071",1a
cand_D,E2F-4,Homo sapiens,Q16254,96,KLIELKAEIEELQQ,HHHHHHHHHHHHHH,c3-4,boundary,boundary|E2F_TDP; boundary|E2F_DD;,0,"NESdb:65
validNES:P071",3
cand_O,E4-34kD,Human Adenovirus C,Q6VGT3,82,DMVLTREELVILRK,CCCCCHHHHHHHHC,c3-AT,ORD,,0,NESdb:17,3
cand_D,Early E1A 32 kDa protein,Human adenovirus C serotype 5,P03255,70,VMLAVQEGIDLLTFPP,HHHHHHHCCCCCCCCC,c1a-5,DISO,MID|Adeno_E1A superfamily;,0,"NESdb:99
validNES:P204",1a
cand_D,EDS1,Arabidopsis thaliana,Q9XF23,526,LGLQLEEIQETLKNSG,CCCCHHHHHHHHCCCC,c1aR-4,DISO,,0,NESdb:164,1a-R
cand_D,ESE-1; ELF3,Homo sapiens,P78545,98,DGATLCNCALEELRLVF,CCHHHHHCCHHHHHHHH,c1c-AT-4,boundary,boundary|SAM_PNT-ESE-1-like;,0,"NESdb:232
validNES:P166",1c
cand_D,ESE-1; ELF3,Homo sapiens,P78545,271,RGTHLWEFIRDILIHP,CCCCHHHHHHHHHCCC,c1a-4,boundary,boundary|ETS;,0,"NESdb:232
validNES:P166",1a
cand_D,ESR1,Homo sapiens,P03372,442,GEEFVCLKSIILLN,HHHHHHHHHHHHHC,c2-4,boundary,MID|NR_LBD_ER;,0,validNES:P184,2
cand_D,Exd,Drosophila melanogaster,P40427,205,MVQIIHKKFSSIQMQL,HHHHHHHHHHHHHHHH,c1a-5,DISO,boundary|PBC; boundary|homeodomain;,0,"NESdb:66
validNES:P220",1a
cand_O,FAK,Homo sapiens,Q05397,73,DSHKVKHVACYGFRLSH,CCCCCCCCCCCEEEECC,c1c-AT-4,ORD,MID|B41;,0.125,NESdb:83,1c
cand_beta_O,FAK,Homo sapiens,Q05397,91,RSEEVHWLHVDMGVSS,CCCCEEEECCCCCHHH,c1d-4,ORD,MID|B41;,0.571,NESdb:83,1d
cand_O,FAK,Homo sapiens,Q05397,499,MELCTLGELRSFLQVRK,EEECCCCHHHHHHHHCC,c1c-AT-4,ORD,MID|PTKc_FAK;,0,NESdb:83,1c
cand_O,FAK,Homo sapiens,Q05397,514,RKYSLDLASLILYA,CCCCCCHHHHHHHH,c2-4,ORD,MID|PTKc_FAK;,0,NESdb:83,2
cand_D,FANCA,Homo sapiens,O15360,60,LLLEVEGPLCKKLSLSK,HHHHHCCCCCCCCCCCC,c1c-5,DISO,,0,NESdb:112,1c
cand_D,FANCA,Homo sapiens,O15360,265,VTVDVLQRMLIFALDA,HHHHHHHHHHHHHHHH,c1a-4,boundary,MID|Fanconi_A_N;,0,NESdb:112,1a
cand_D,FANCA,Homo sapiens,O15360,274,LIFALDALAAGVQEES,HHHHHHHHHHCCCCCC,c1aR-4,boundary,MID|Fanconi_A_N;,0,NESdb:112,1a-R
cand_D,FANCA,Homo sapiens,O15360,517,RLADLKVSIENMGLYE,HHHHHHHCCCCCCCCC,c1a-5,boundary,boundary|Fanconi_A_N;,0,NESdb:112,1a
cand_D,FANCA,Homo sapiens,O15360,856,LCSCLSPGLIKKFQFLM,HHHCCCHHHHHHHHHHH,c1c-4,boundary,,0,NESdb:112,1c
cand_D,FANCA,Homo sapiens,O15360,860,LSPGLIKKFQFLMFRL,CCHHHHHHHHHHHHHH,c1a-4,DISO,,0,NESdb:112,1a
cand_D,FANCA,Homo sapiens,O15360,864,LIKKFQFLMFRLFS,HHHHHHHHHHHHHH,c2-5,DISO,,0,NESdb:112,2
cand_D,FANCA,Homo sapiens,O15360,1017,IISRLQEMVADLELQQ,HHHHHHHHHHHHHCCC,c1a-5,boundary,,0,NESdb:112,1a
cand_O,Fbxo7,Homo sapiens,Q9Y3I1,322,QALNLPDVFGLVVLPL,HHCCCCCCCCCCCCCH,c1a-4,ORD,boundary|PI31_Prot_N superfamily;,0,NESdb:230,1a
cand_O,Fbxo7,Homo sapiens,Q9Y3I1,325,NLPDVFGLVVLP,CCCCCCCCCCCC,c2-rev,ORD,boundary|PI31_Prot_N superfamily;,0,NESdb:230,2
cand_O,Fbxo7,Homo sapiens,Q9Y3I1,333,VVLPLELKLRIFRLLD,CCCCHHHHHHHHCCCC,c1a-5,ORD,boundary|PI31_Prot_N superfamily;,0,NESdb:230,1a
cand_D,Foxo1,Mus musculus,Q9WVH5,364,NPENMENLLDNLNLLS,CCCCCHHCCCCCCCCC,c1a-4,DISO,,0,validNES:P216,1a
cand_D,Foxo1,Mus musculus,Q9WVH5,367,NMENLLDNLNLLSS,CCHHCCCCCCCCCC,c3-4,DISO,,0,validNES:P216,3
cand_D,FOXO3,Homo sapiens,O43524,365,ELPRLTDMAGTMNLND,CCCCCCCCCCCCCCCC,c1a-AT-5,DISO,,0,"NESdb:64
validNES:P068",1a
cand_D,FOXO3,Homo sapiens,O43524,374,GTMNLNDGLTENLMDDL,CCCCCCCCCCCCCCCCC,c1cR-4,DISO,,0,"NESdb:64
validNES:P068",1c-R
cand_D,FOXO3,Homo sapiens,O43524,382,LTENLMDDLLDNITLPP,CCCCCCCCCCCCCCCCC,c1c-4,DISO,,0,"NESdb:64
validNES:P068",1c
cand_D,FOXO3,Homo sapiens,O43524,383,TENLMDDLLDNITLPP,CCCCCCCCCCCCCCCC,c1a-4,DISO,,0,"NESdb:64
validNES:P068",1a
cand_D,Greatwall,Homo sapiens,Q96GX5,171,KLTDFGLSKVTLNR,EEEECCCCCCCCCC,c2-5,boundary,MID|STKc_MASTL;,0.143,NESdb:259,2
cand_D,Greatwall,Homo sapiens,Q96GX5,178,SKVTLNRDINMMDILT,CCCCCCCCCCCCCCCC,c1a-4,boundary,MID|STKc_MASTL;,0,NESdb:259,1a
cand_D,Greatwall,Homo sapiens,Q96GX5,207,TPGQVLSLISSLGFNT,CCCCCCCCCCCCCCCC,c1a-4,DISO,boundary|STKc_MASTL;,0,NESdb:259,1a
cand_O,HDAC1,Homo sapiens,Q13547,149,GFCYVNDIVLAILE,CCCHHHHHHHHHHH,c3-4,ORD,MID|HDAC1;,0,NESdb:252,3
cand_O,HDAC1,Homo sapiens,Q13547,149,GFCYVNDIVLAILELLK,CCCHHHHHHHHHHHHHH,c1c-5,ORD,MID|HDAC1;,0,NESdb:252,1c
cand_O,HDAC1,Homo sapiens,Q13547,152,YVNDIVLAILELLK,HHHHHHHHHHHHHH,c2-5,ORD,MID|HDAC1;,0,NESdb:252,2
cand_O,HDAC1,Homo sapiens,Q13547,152,YVNDIVLAILELLK,HHHHHHHHHHHHHH,c3-4,ORD,MID|HDAC1;,0,NESdb:252,3
cand_D,HDAC4,Homo sapiens,P56524,1051,EEAETVTAMASLSVGV,CHHHHHHHCCCCCCCC,c1a-AT-4,DISO,boundary|HDAC4;,0,"NESdb:62
validNES:P070",1a
cand_D,HDAC4,Homo sapiens,P56524,1052,EAETVTAMASLSVGVKP,HHHHHHHCCCCCCCCCC,c1c-AT-4,DISO,boundary|HDAC4;,0,"NESdb:62
validNES:P070",1c
cand_D,HDM2,Homo sapiens,Q00987,185,KSDSISLSFDESLALCV,CCCCCCCCCCHHHHHHH,c1c-4,DISO,,0,NESdb:16,1c
cand_D,hMSH4,Homo sapiens,O15457,410,TVNAAESKITNLIYLKH,CCHHCCCCHHHHHHHHH,c1c-AT-5,boundary,MID|MutS;,0,NESdb:185,1c
cand_D,hMSH4,Homo sapiens,O15457,420,NLIYLKHTLELVDP,HHHHHHHHHHHHHH,c3-4,boundary,MID|MutS;,0,NESdb:185,3
cand_O,hMSH4,Homo sapiens,O15457,786,AFTLFATHFLELCH,CEEEEECCCHHHHH,c3-4,ORD,MID|MutS;,0.429,NESdb:185,3
cand_D,hMSH5,Homo sapiens,O43196,798,NCQTLVDKFMKLDLED,HHHHHHHHHHCCCCCC,c1a-4,DISO,boundary|MutS; boundary|ABC_MSH5_euk;,0,"NESdb:177
validNES:P168",1a
cand_D,HPV11 E1,Human papillomavirus type 11,P04014,102,VESEISPRLDAIKLTT,CCCCCCCCCCEEECCC,c1a-4,DISO,MID|PHA02774;,0.143,NESdb:140,1a
cand_D,hRpf1/Nedd4,Homo sapiens,P46934,293,VPTHLAEELNARLTIFG,CCCCHHHHCCCCCCCCC,c1c-4,DISO,,0,NESdb:44,1c
cand_beta_D,Hsc70/Hsc54; HSPA8,Homo sapiens,P11142,384,KSENVQDLLLLDVTP,CCCCCCCEEEEECCC,c1b-4,boundary,MID|HSP70 superfamily;,0.571,"NESdb:67
validNES:P084",1b
cand_D,HsfA2/HSF30,Solanum peruvianum,P41152,319,EQPEFDVEVEDLVVKT,CCCCCCCCCCCCCCCC,c1a-4,DISO,,0,"NESdb:26
validNES:P016",1a
cand_D,HsfA2/HSF30,Solanum peruvianum,P41152,321,PEFDVEVEDLVVKT,CCCCCCCCCCCCCC,c2-4,DISO,,0,"NESdb:26
validNES:P016",2
cand_D,HsfA2/HSF30,Solanum peruvianum,P41152,337,WGEELQDLVDQLGFLX,CCCCHHHHHHHCCCC,c1a-4,DISO,,0,"NESdb:26
validNES:P016",1a
cand_D,HsfA2/HSF30,Solanum peruvianum,P41152,340,ELQDLVDQLGFLXX,CHHHHHHHCCCC,c3-4-Ct,DISO,,0,"NESdb:26
validNES:P016",3
cand_D,Hsp105; Hsph1,Mus musculus,Q61699,603,LVWQLGRDLLNMYIET,ECCCCCHHHHHHHHHH,c1a-5,boundary,boundary|SPOR superfamily;,0,"NESdb:215
validNES:P110",1a
cand_D,Hsp70-Ssb1p,Saccharomyces cerevisiae,P11484,574,IEAALSDALAALQIED,HHHHHHHHHHHHHHCC,c1a-4,boundary,boundary|HSP70 superfamily;,0,NESdb:29,1a
cand_D,Hst2,Saccharomyces cerevisiae,P53686,304,QLLEIVHDLENLSLDQ,HHHHHHCCCCCCCCCC,c1a-5,DISO,boundary|SIRT1;,0,"NESdb:212
validNES:P144",1a
cand_O,hTERT,Homo sapiens,O14746,966,AGRNMRRKLFGVLRLKC,HHHHHHHHHHHHHHHCC,c1c-4,ORD,boundary|TERT;,0,"NESdb:53
validNES:P049",1c
cand_D,Huntingtin; HTT,Homo sapiens,P42858,1,XMATLEKLMKAFES,CHHHHHHHHHHHHH,c3-4-Nt,DISO,,0,"NESdb:204
validNES:P097",3
cand_D,Huntingtin; HTT,Homo sapiens,P42858,3,TLEKLMKAFESLKS,HHHHHHHHHHHHHH,c3-4,DISO,,0,"NESdb:204
validNES:P097",3
cand_D,Huntingtin; HTT,Homo sapiens,P42858,2357,YITAACEMVAEMVE,HHHHHHHHHHHHHH,c3-AT,DISO,,0,"NESdb:204
validNES:P097",3
cand_D,Huntingtin; HTT,Homo sapiens,P42858,2364,MVAEMVESLQSVLA,HHHHHHHHHHHHHH,c3-4,DISO,,0,"NESdb:204
validNES:P097",3
cand_D,Huntingtin; HTT,Homo sapiens,P42858,2364,MVAEMVESLQSVLALGH,HHHHHHHHHHHHHHCCC,c1c-5,DISO,,0,"NESdb:204
validNES:P097",1c
cand_D,Huntingtin; HTT,Homo sapiens,P42858,2385,GVPAFLTPLLRNIIISL,CCCCCHHHHHHHHHHHH,c1c-5,boundary,,0,"NESdb:204
validNES:P097",1c
cand_D,Huntingtin; HTT,Homo sapiens,P42858,2386,VPAFLTPLLRNIIISL,CCCCHHHHHHHHHHHH,c1a-4,boundary,,0,"NESdb:204
validNES:P097",1a
cand_D,Hxk2,Saccharomyces cerevisiae,P04807,23,LMQQIENFEKIFTVPT,HHHHHHHHHHHCCCCH,c1d-5,boundary,boundary|COG5026;,0,NESdb:120,1d
cand_D,Hxk2,Saccharomyces cerevisiae,P04807,310,LGEILRLALMDMYK,HHHHHHHHHHHHHH,c2-4,boundary,MID|COG5026;,0,NESdb:120,2
cand_beta_D,β-Arrestin-2,Rattus norvegicus,P29067,384,DDDIVFEDFARLRLKG,CCCEEEEECCCCCCCC,c1a-4,DISO,boundary|Arrestin_C;,0.571,NESdb:241,1a
cand_D,γ134.5 Protein (HSV-1); RL1,Human herpesvirus 1,P08353,124,RPFRLPPRLALRLRVTA,CCCCCCHHHHHHHCCCH,c1c-4,DISO,,0,"NESdb:81
validNES:P083",1c
cand_D,Id1,Mus musculus,P20067,87,ILQHVIDYIRDLQLEL,HHHHHHHHHHHHHHHH,c1a-5,boundary,,0,"NESdb:105
validNES:P090",1a
cand_D,Id2,Mus musculus,P41136,102,PLTTLNTDISILSLQA,CCCCCCCCCCCCCCCC,c1a-5,DISO,,0,NESdb:106,1a
cand_D,IκBα; NFKBIA,Homo sapiens,P25963,41,EYEQMVKELQEIRLEP,CCHHHHHHHHHCCCCC,c1a-4,DISO,boundary|Ank_2 superfamily;,0,"NESdb:37
validNES:P028",1a
cand_D,IκBα; NFKBIA,Homo sapiens,P25963,261,PSTRIQQQLGQLTLEN,CCHHHHHHHHHCCCCC,c1a-4,boundary,boundary|ANK;,0,"NESdb:37
validNES:P028",1a
cand_D,IκBα; NFKBIA,Homo sapiens,P25963,268,QLGQLTLENLQMLP,HHHHCCCCCCCCCC,c2-5,boundary,boundary|ANK;,0,"NESdb:37
validNES:P028",2
cand_D,IκBε; NFKBIE,Homo sapiens,O00221,478,EESLVLLPFDDLKISG,HHCCCCCCHHHHHHCC,c1a-4,DISO,boundary|ANK;,0,"NESdb:51
validNES:P047",1a
cand_D,IκBε; NFKBIE,Homo sapiens,O00221,480,SLVLLPFDDLKISG,CCCCCCHHHHHHCC,c2-5,DISO,boundary|ANK;,0,"NESdb:51
validNES:P047",2
cand_D,λPKC; Prkci,Mus musculus,Q62074,244,ASSSLGLQDFDLLR,CCCCCCCCCCCEEE,c2-4,boundary,boundary|STKc_aPKC_iota;,0,"NESdb:42
validNES:P034",2
cand_beta_D,IPMK,Homo sapiens,Q8NFU5,170,LMEEIGFLVLGMRVYH,CCCCCCEEEEEEEEEE,c1a-5,boundary,MID|IPK;,0.714,"NESdb:253
validNES:P212",1a
cand_D,IRF-3,Homo sapiens,Q14653,135,TQEDILDELLGNMVLAP,CCCCHHHHHHCCCCCCC,c1c-4,DISO,boundary|IRF;,0,"NESdb:38
validNES:P030",1c
cand_D,IRF-3,Homo sapiens,Q14653,136,QEDILDELLGNMVLAP,CCCHHHHHHCCCCCCC,c1a-4,DISO,boundary|IRF;,0,"NESdb:38
validNES:P030",1a
cand_D,ITPKB,Homo sapiens,P27987,130,KLRILQRELQNVQVNQ,HHHHHHHHHCCCCCCC,c1a-5,DISO,MID|Atrophin-1 superfamily;,0,validNES:P221,1a
cand_D,KANK1,Homo sapiens,Q14678,602,TGSNTEESVNDLTLLK,CCCCCCEEECCCCHHC,c1a-AT-4,DISO,,0.429,validNES:P105,1a
cand_D,KANK1,Homo sapiens,Q14678,609,SVNDLTLLKTNLNLKE,EECCCCHHCCCCCCCC,c1d-5,DISO,,0,validNES:P105,1d
cand_D,KANK1,Homo sapiens,Q14678,614,TLLKTNLNLKEVRS,CHHCCCCCCCCEEE,c3-AT,DISO,,0,validNES:P105,3
cand_D,Keap1,Homo sapiens,Q14145,297,CKDYLVKIFEELTLHK,HHHHHHHHHHHHCCCC,c1a-4,boundary,MID|BTB superfamily;,0,"NESdb:187
validNES:P103",1a
cand_D,KLF5,Mus musculus,Q9Z0Z7,108,VVDQFFTDTEGIPY,CCCCCCCCCCCCCC,c3-AT,DISO,,0,"NESdb:115
validNES:P181",3
cand_D,KLF5,Mus musculus,Q9Z0Z7,115,DTEGIPYSINMNVFLPD,CCCCCCCCEEECCCCCC,c1c-4,DISO,,0.375,"NESdb:115
validNES:P181",1c
cand_D,KLF5,Mus musculus,Q9Z0Z7,121,YSINMNVFLPDITHLR,CCEEECCCCCCCCCCC,c1aR-5,DISO,,0.143,"NESdb:115
validNES:P181",1a-R
cand_D,KLF5,Mus musculus,Q9Z0Z7,124,NMNVFLPDITHLRT,EECCCCCCCCCCCC,c3-4,DISO,,0,"NESdb:115
validNES:P181",3
cand_D,KLF6,Homo sapiens,Q99612,2,DVLPMCSIFQELQIVH,CCCCCHHHHHHHHHHH,c1a-5,DISO,,0,"NESdb:162
validNES:P175",1a
cand_beta_D,LANA2,Human herpesvirus 8,Q99AM3,547,EQFDMVPLVIKLRLRS,CCCCCCCEEEEEEEEE,c1a-4,boundary,,0.571,"NESdb:218
validNES:P134",1a
cand_beta_D,LANA2,Human herpesvirus 8,Q99AM3,551,MVPLVIKLRLRS,CCCEEEEEEEEE,c2-rev,boundary,,1,"NESdb:218
validNES:P134",2
cand_D,LCD1,Saccharomyces cerevisiae,Q04377,662,DHRHLVDSLHDLTIKD,HHHHHCCCCCCCCHHH,c1a-4,boundary,MID|LCD1;,0,"NESdb:49
validNES:P044",1a
cand_D,LEI/L-DNase II,Mus musculus,P30740,280,ESYTLNSDLARLGVQD,CCCCCHHHHHHCCCCC,c1a-4,boundary,MID|SERPIN superfamily;,0,NESdb:155,1a
cand_O,Lgals3,Mus musculus,P16110,238,RMKNLREISQLGISG,CCCCCCCCCEEEEEC,c1b-5,ORD,boundary|Gal-bind_lectin;,0.286,validNES:P086,1b
cand_D,Liar,Mus musculus,A7YB12,278,EVTDLLASFTSLSLQM,HHHHHHHCCCCCCCCC,c1a-5,DISO,,0,NESdb:116,1a
cand_D,LPP,Homo sapiens,Q93052,120,EIDSLTSILADLEC,CCCCCCCCCCCCCC,c3-4,DISO,MID|Atrophin-1 superfamily;,0,NESdb:138,3
cand_D,Ltv1,Saccharomyces cerevisiae,P34078,172,VLEALEDEAYVVND,HHHHHHHCCCCCCC,c3-AT,DISO,MID|LTV;,0,"NESdb:74
validNES:P152",3
cand_D,LZTS2,Homo sapiens,Q9BRK4,627,RNRQLEQELQQLSLEL,HHHHHHHHHHHHHHHH,c1a-4,DISO,boundary|Fez1;,0,"NESdb:181
validNES:P120",1a
cand_D,M1,Influenza B virus,Q0PLR1,1,XMSLFGDTIAYLLS,CCCCHHHHHHHHHH,c3-4-Nt,boundary,boundary|Flu_M1;,0,NESdb:255,3
cand_D,M1,Influenza B virus,Q0PLR1,1,XMSLFGDTIAYLLSLIE,CCCCHHHHHHHHHHCCC,c1c-5-Nt,boundary,boundary|Flu_M1;,0,NESdb:255,1c
cand_D,M1,Influenza B virus,Q0PLR1,120,ESSALLYCLMVMYLNP,CCHHHHHHHHHHHCCC,c1a-4,boundary,MID|Flu_M1;,0,NESdb:255,1a
cand_D,Mad1p,Saccharomyces cerevisiae,P40957,554,ELSKAQTTIQLLQE,HHHHHHHHHHHHHH,c3-AT,boundary,MID|SMC_N superfamily;,0,NESdb:104,3
cand_D,Mad1p,Saccharomyces cerevisiae,P40957,561,TIQLLQEKLEKLTK,HHHHHHHHHHHHHC,c3-4,boundary,MID|SMC_N superfamily;,0,NESdb:104,3
cand_O,MALT1,Homo sapiens,Q9UDY8,365,DVYELTNLLRQLDFKV,HHHHHHHHHHHCCCEE,c1a-5,ORD,MID|Peptidase_C14;,0,validNES:P198,1a
cand_D,MALT1,Homo sapiens,Q9UDY8,473,TIPILDALKVTA,CCCCCCCCCCCC,c2-rev,boundary,MID|Peptidase_C14;,0,validNES:P198,2
cand_D,MAPKAP kinase 2 (MK2); Mapkapk2,Mus musculus,P49138,338,VKEEMTSALATMRVDY,HHHHHHHHHHHHCCCC,c1a-4,DISO,boundary|STKc_MAPKAPK2;,0,"NESdb:20
validNES:P006",1a
cand_D,Mcm3,Saccharomyces cerevisiae,P24279,830,EEAELQRRLQLGLRVSP,HHHHHHHHHHCCCCCCC,c1c-4,DISO,,0,NESdb:100,1c
cand_D,Menin,Homo sapiens,O00255,30,EEPDLVLLSLVLGF,CCCCHHHHHHHHHH,c2-4,boundary,MID|Menin;,0,NESdb:119,2
cand_D,Menin,Homo sapiens,O00255,32,PDLVLLSLVLGFVEHF,CCHHHHHHHHHHHHHH,c1aR-4,boundary,MID|Menin;,0,NESdb:119,1a-R
cand_D,Menin,Homo sapiens,O00255,33,DLVLLSLVLGFVEH,CHHHHHHHHHHHHH,c3-4,boundary,MID|Menin;,0,NESdb:119,3
cand_D,Menin,Homo sapiens,O00255,33,DLVLLSLVLGFVEHFL,CHHHHHHHHHHHHHHC,c1aR-5,boundary,MID|Menin;,0,NESdb:119,1a-R
cand_D,Menin,Homo sapiens,O00255,37,LSLVLGFVEHFLAVNR,HHHHHHHHHHHCCCCC,c1aR-4,boundary,MID|Menin;,0,NESdb:119,1a-R
cand_D,Menin,Homo sapiens,O00255,252,DSLELLQLQQKLLWLL,CCHHHHHHHHHHHHHH,c1aR-5,boundary,MID|Menin;,0,NESdb:119,1a-R
cand_D,Mia1p/Alp7p,Schizosaccharomyces pombe,Q9URY2,450,ERQQLIQMSEDLVIAM,HHHHHHHHHHHHHHHH,c1d-4,DISO,boundary|SMC_N superfamily;,0,NESdb:159,1d
cand_D,Mia1p/Alp7p,Schizosaccharomyces pombe,Q9URY2,457,MSEDLVIAMDQLNLEQ,HHHHHHHHHHHHHHHH,c1a-4,DISO,boundary|SMC_N superfamily;,0,NESdb:159,1a
cand_D,Mia1p/Alp7p,Schizosaccharomyces pombe,Q9URY2,459,EDLVIAMDQLNLEQ,HHHHHHHHHHHHHH,c2-4,DISO,boundary|SMC_N superfamily;,0,NESdb:159,2
cand_D,MIER1,Homo sapiens,Q8N108-13,1,XMFMFNWFTDCLWT,CCHHHHHHHHHHHH,c3-AT-Nt,DISO,,0,validNES:P214,3
cand_D,MK5,Mus musculus,O54992,336,QLANMRIQDLKVSL,HHHHHHHHHHHHCC,c2-5,DISO,boundary|STKc_MAPKAPK5;,0,NESdb:165,2
cand_D,MK5,Mus musculus,O54992,338,ANMRIQDLKVSLKPLH,HHHHHHHHHHCCCCCC,c1aR-5,DISO,boundary|STKc_MAPKAPK5;,0,NESdb:165,1a-R
cand_D,MKP-3,Homo sapiens,Q16828,161,PLPVLGLGGLRISS,CCCCCCCCCCCCCC,c2-5,DISO,boundary|DSP_MapKP;,0,NESdb:163,2
cand_D,MKP-7; DUSP16,Homo sapiens,Q9BY84,372,EDSPLVQALSGLHLSA,CCCHHHHCCCCCCCCC,c1a-4,DISO,MID|DUF4643 superfamily;,0,"NESdb:41
validNES:P033",1a
cand_D,MLH1,Homo sapiens,P40692,579,PAPLFDLAMLALDS,CCCHHHHHHHHCCC,c2-4,boundary,MID|Mlh1_C;,0,NESdb:186,2
cand_O,MoKA; Fbxo38,Mus musculus,Q8BMI0,183,LKIPIGAKIQTLHLVG,CCCCCCCCEEEEEEEC,c1a-4,ORD,,0.429,"NESdb:202
validNES:P197",1a
cand_beta_O,MoKA; Fbxo38,Mus musculus,Q8BMI0,190,KIQTLHLVGVNVPE,CEEEEEEECCCCCC,c2-5,ORD,,0.714,"NESdb:202
validNES:P197",2
cand_D,MondoA,Homo sapiens,Q9HAP2,122,IDASLTKLFECMTLAY,CCHHHHHHHHHHEEEC,c1a-4,__,,0,NESdb:130,1a
cand_D,mPER1,Mus musculus,O35973,485,DIQELSEQIHRLLLQP,HHHHHHHHHHHHHCCC,c1a-5,DISO,boundary|PAS_3;,0,"NESdb:30
validNES:P023",1a
cand_D,mPER2,Mus musculus,O54943,456,SVQELTEQIHRLLMQP,HHHHHHHHHHHHHCCC,c1a-5,DISO,boundary|PAS_3; boundary|FtsK superfamily;,0,"NESdb:31
validNES:P054",1a
cand_D,Mps1,Homo sapiens,P33981,176,PLEMLEIALRNLNLQK,CHHHHHHHHHHHHHCC,c1a-5,boundary,,0,NESdb:263,1a
cand_D,Mst1; STK4,Homo sapiens,Q13043,357,HDDTLPSQLGTMVINA,CCCCCCCCCCCEEECC,c1a-4,DISO,,0,"NESdb:68
validNES:P073",1a
cand_D,Mta; ORFNames=BMLF1,Epstein-Barr virus,Q04360,211,FDMSLVKPVSKITFVT,CCCCCCCCCCCCCCCC,c1a-4,DISO,,0,"NESdb:71
validNES:P075",1a
cand_D,Mta; ORFNames=BMLF1,Epstein-Barr virus,Q04360,223,TFVTLPSPLASLTLEP,CCCCCCCCCCCCCCCC,c1a-5,DISO,boundary|Herpes_UL69;,0,"NESdb:71
validNES:P075",1a
cand_D,MTF-1,Homo sapiens,Q14872,332,TNHSLCLSDLSLLS,CCCCCCCCCCCCCC,c2-4,DISO,,0,"NESdb:28
validNES:P019",2
cand_D,MTOR,Homo sapiens,P42345,531,LKKDIQDGLLKMLSLVL,CHHHHHHHHHHHHHHHH,c1c-4,boundary,MID|TEL1;,0,validNES:P096,1c
cand_D,MTOR,Homo sapiens,P42345,535,IQDGLLKMLSLVLMHK,HHHHHHHHHHHHHCCC,c1a-4,boundary,MID|TEL1;,0,validNES:P096,1a
cand_D,MTOR,Homo sapiens,P42345,536,QDGLLKMLSLVLMH,HHHHHHHHHHHHCC,c2-4,boundary,MID|TEL1;,0,validNES:P096,2
cand_D,MTOR,Homo sapiens,P42345,541,KMLSLVLMHKPLRHPG,HHHHHHHCCCCCCCCC,c1aR-4,boundary,MID|TEL1;,0,validNES:P096,1a-R
cand_D,MTOR,Homo sapiens,P42345,971,VVQAITFIFKSLGLKC,HHHHHHHHHHHCCCCC,c1a-5,boundary,MID|TEL1;,0,validNES:P096,1a
cand_D,MTOR,Homo sapiens,P42345,1277,KDDWLEWLRRLSLEL,HHHHHHHHHHHHHHH,c1b-4,boundary,MID|TEL1;,0,validNES:P096,1b
cand_D,NADE; Ngfrap1,Mus musculus,Q9WTZ9,86,EMREIRRKLRELQLRN,HHHHHHHHHHHHHHHH,c1a-5,DISO,boundary|BEX superfamily;,0,"NESdb:48
validNES:P043",1a
cand_D,NANOG,Homo sapiens,Q9H9S0,121,SLQQMQELSNILNLSY,CHHHHHHHHHHCCCCH,c1d-5,DISO,MID|Abdominal-A superfamily; boundary|HOX;,0,"NESdb:224
validNES:P206",1d
cand_D,Nap1p,Saccharomyces cerevisiae,P25293,95,KLLSLKTLQSELFEVE,HHHHHHHHHHHHHHHH,c1aR-5,boundary,boundary|NAP;,0,NESdb:254,1a-R
cand_D,NC2β; DR1,Homo sapiens,Q01658,67,SPEHVIQALESLGFGS,CHHHHHHHHHHCCCCC,c1a-4,boundary,MID|H4 superfamily;,0,"NESdb:126
validNES:P179",1a
cand_D,NEDD4,Homo sapiens,P46934-4,293,VPTHLAEELNARLTIFG,CCCCHHHHCCCCCCCCC,c1c-4,DISO,,0,validNES:P037,1c
cand_D,NEP,Influenza A virus,C3W5S6,8,SFQDILMRMSKMQLGS,HHHHHHHHHHHHHCCC,c1a-5,DISO,boundary|Flu_NS2 superfamily;,0,NESdb:256,1a
cand_D,NEP,Influenza A virus,C3W5S6,27,DLNGMVTRFESLKIYR,CCCCHHHHHHHHHHHH,c1a-5,DISO,boundary|Flu_NS2 superfamily;,0,NESdb:256,1a
cand_D,Neurogenin 3,Mus musculus,P70661,128,AHNYIWALTQTLRIAD,HHHHHHHHHHHHHHHC,c1a-AT-4,DISO,boundary|HLH;,0,NESdb:243,1a
cand_D,NFE2L2,Homo sapiens,Q16236-2,167,DIEQVWEELLSIPE,CHHHHHHHHHCCCC,c3-4,DISO,,0,validNES:P106,3
cand_D,NFE2L2,Homo sapiens,Q16236-2,177,SIPELQCLNIEN,CCCCCCCCCCCC,c2-rev,DISO,,0,validNES:P106,2
cand_D,NFE2L2,Homo sapiens,Q16236-2,533,SLHLLKKQLSTLYLEV,HHHHHHHHHHHHHHHH,c1a-5,DISO,boundary|bZIP_NFE2-like;,0,validNES:P106,1a
cand_D,NFE2L2,Homo sapiens,Q16236-2,540,QLSTLYLEVFSMLR,HHHHHHHHHHHHCC,c2-5,DISO,boundary|bZIP_NFE2-like;,0,validNES:P106,2
cand_beta_D,Nibrin,Mus musculus,Q9R207,649,PRKLLLTEFRSLVVSN,CCCEEEEEEEEEEECC,c1a-4,DISO,boundary|Nbs1_C;,1,NESdb:111,1a
cand_beta_D,Nibrin,Mus musculus,Q9R207,650,RKLLLTEFRSLVVSNH,CCEEEEEEEEEEECCC,c1aR-4,DISO,boundary|Nbs1_C;,1,NESdb:111,1a-R
cand_D,Nmd3,Homo sapiens,Q96D46,476,PRISLAEMLEDLHISQ,CCCCHHHHHHCCCCCC,c1a-4,DISO,,0,NESdb:3,1a
cand_D,Nmd3,Homo sapiens,Q96D46,476,PRISLAEMLEDLHISQ,CCCCHHHHHHCCCCCC,c1aR-4,DISO,,0,NESdb:3,1a-R
cand_D,Nmd3p,Saccharomyces cerevisiae,P38861,492,NIDELLDELDEMTLED,CHHHHHHHHHCCCCCC,c1a-5,DISO,,0,"NESdb:4
validNES:P067",1a
cand_beta_O,NOA1,Mus musculus,Q9JJG9,213,PGPALVLYMVNLLDLPD,CCCCEEEEEEEECCCCC,c1c-4,ORD,MID|RbgA superfamily;,1,NESdb:265,1c
cand_beta_O,NOA1,Mus musculus,Q9JJG9,214,GPALVLYMVNLLDLPD,CCCEEEEEEEECCCCC,c1a-4,ORD,MID|RbgA superfamily;,1,NESdb:265,1a
cand_O,NOA1,Mus musculus,Q9JJG9,220,YMVNLLDLPDALLPDL,EEEEECCCCCCCCCCC,c1aR-4,ORD,MID|RbgA superfamily;,0.143,NESdb:265,1a-R
cand_beta_D,NPM; NPM1,Homo sapiens,P06748,38,NEHQLSLRTVSLGA,CCCEEEEEEEECCC,c2-4,boundary,boundary|Nucleoplasmin;,1,"NESdb:93
validNES:P082",2
cand_O,NPM; NPM1,Homo sapiens,P06748,83,VQPTVSLGGFEITP,CCCCEECCCCEECC,c2-4,ORD,boundary|Nucleoplasmin;,0.286,"NESdb:93
validNES:P082",2
cand_beta_D,NPM; NPM1,Homo sapiens,P06748,91,GFEITPPVVLRLKC,CCEECCCEEEEEEE,c3-AT,boundary,boundary|Nucleoplasmin;,0.571,"NESdb:93
validNES:P082",3
cand_D,N protein,Borna disease virus,Q91UL8,120,GEKTTQRDLTELEISS,CCCCCCCCCHHHHHHH,c1a-AT-4,boundary,MID|BDV_P40 superfamily;,0,validNES:P055,1a
cand_O,Nr1i3,Rattus norvegicus,Q9QUS1,240,VHVGFQYEFLELIIHF,HHCCCHHHHHHHHHHH,c1a-4,ORD,MID|NR_LBD superfamily;,0,validNES:P194,1a
cand_D,Nrf2,Homo sapiens,Q16236,193,SIPELQCLNIEN,CHHHHHCCCCCC,c2-rev,DISO,,0,NESdb:108,2
cand_D,Nrf2,Homo sapiens,Q16236,549,SLHLLKKQLSTLYLEV,HHHHHHHHHHHHHHHH,c1a-5,DISO,boundary|bZIP_NFE2-like;,0,NESdb:108,1a
cand_D,Nrf2,Homo sapiens,Q16236,556,QLSTLYLEVFSMLR,HHHHHHHHHHHHCC,c2-5,DISO,boundary|bZIP_NFE2-like;,0,NESdb:108,2
cand_D,Nrf2; Nfe2l2,Mus musculus,Q60795,541,NLHLLKRRLSTLYLEV,HHHHHHHHHHHHHHHH,c1a-5,boundary,boundary|bZIP_NFE2-like;,0,"NESdb:69
validNES:P109",1a
cand_D,Nrf2; Nfe2l2,Mus musculus,Q60795,548,RLSTLYLEVFSMLR,HHHHHHHHHHHCCC,c2-5,boundary,boundary|bZIP_NFE2-like;,0,"NESdb:69
validNES:P109",2
cand_beta_D,nsP2 (VEE),Venezuelan equine encephalitis virus,P36328,515,VLNQLCVRFFGLDLDS,HHCCEEEEECCCCCCC,c1a-5,boundary,MID|Peptidase_C9 superfamily;,0.714,"NESdb:92
validNES:P190",1a
cand_D,NT-PGC-1α,Mus musculus,O70343,30,DLPELDLSELDVND,CCCCCCCCCCCCCC,c2-5,DISO,,0,NESdb:160,2
cand_O,NURR1,Mus musculus,Q06219,435,QDLLFESAFLELFVLR,HHHHHHHHHHHHHHHH,c1a-4,ORD,MID|NR_LBD_Nurr1;,0,NESdb:246,1a
cand_O,NURR1,Mus musculus,Q06219,435,QDLLFESAFLELFVLRL,HHHHHHHHHHHHHHHHH,c1c-4,ORD,MID|NR_LBD_Nurr1;,0,NESdb:246,1c
cand_O,NURR1,Mus musculus,Q06219,440,ESAFLELFVLRLAY,HHHHHHHHHHHHHH,c2-4,ORD,MID|NR_LBD_Nurr1;,0,NESdb:246,2
cand_D,NURR1,Mus musculus,Q06219,566,CTQGLQRIFYLKLED,HHHHHHHHHHHHHCC,c1b-4,boundary,boundary|NR_LBD_Nurr1;,0,NESdb:246,1b
cand_D,N-WASP,Mus musculus,Q91YD9,218,TGFDLNNLDPELKNLF,CCCCCCCCCHHHHHHH,c1aR-5,DISO,boundary|PBD;,0,NESdb:205,1a-R
cand_D,N-WASP,Mus musculus,Q91YD9,221,DLNNLDPELKNLFD,CCCCCCHHHHHHHH,c3-4,DISO,MID|PBD;,0,NESdb:205,3
cand_D,N-WASP,Mus musculus,Q91YD9,221,DLNNLDPELKNLFDMCG,CCCCCCHHHHHHHHHCC,c1c-5,DISO,boundary|PBD;,0,NESdb:205,1c
cand_D,NXF3,Homo sapiens,Q9H4D5,288,TFSDTSSNINSILELFP,CCCCCCCCCCCHHHHCC,c1c-AT-5,boundary,,0,NESdb:179,1c
cand_D,NXF3,Homo sapiens,Q9H4D5,292,TSSNINSILELFPKLLCL,CCCCCCCHHHHCCCCCCC,c4-4,boundary,,0,NESdb:179,4
cand_D,OREBP; NFAT5,Homo sapiens,O94916,1,MPSDFISLLSADLDLES,CCCCCHHHCCCCCCCCC,c1c-4,DISO,,0,"NESdb:175
validNES:P080",1c
cand_D,ORF45 of KSHV,Kaposi''s sarcoma-associated herpesvirus 8,Q77UV9,281,QGEVLSQRIGLMDVGQ,CCCCCCCEEECCCCCC,c1a-4,DISO,,0.429,NESdb:80,1a
cand_D,ORFNames=F10K1.15,Arabidopsis thaliana,Q9LMK7,168,DAADTAGLLEKLTVEE,CCCCCCCCCCCCCCCC,c1a-AT-4,boundary,boundary|RanBD_RanBP1;,0,validNES:P201,1a
cand_O,ORFNames=UL47,Bovine herpesvirus 1.1,P30021,481,ERYALSAYLTLFVALAE,HHHHHHHHHHHHHHHHH,c1c-4,ORD,MID|Herpes_UL47 superfamily;,0,validNES:P094,1c
cand_D,ORFNames=UL49,Bovine herpesvirus 1.1,P30022,203,RLDRMLKSAAIRILVCE,HHHHHHHHCCEEEEEEC,c1c-AT-5,boundary,boundary|Herpes_UL49_2 superfamily;,0.25,validNES:P151,1c
cand_D,ORFNames=UL49,Bovine herpesvirus 1.1,P30022,204,LDRMLKSAAIRILVCE,HHHHHHHCCEEEEEEC,c1a-AT-4,boundary,boundary|Herpes_UL49_2 superfamily;,0.286,validNES:P151,1a
cand_D,P,Borna disease virus,Q5GLC3,137,NIKILDRSMKTMME,HHHHHHHHHHHHHH,c3-4,DISO,MID|BDV_P24 superfamily;,0,validNES:P132,3
cand_D,P,Borna disease virus,Q5GLC3,141,LDRSMKTMMETMKLMM,HHHHHHHHHHHHHHHH,c1a-4,DISO,MID|BDV_P24 superfamily;,0,validNES:P132,1a
cand_D,P,Borna disease virus,Q5GLC3,148,MMETMKLMMEKVDLLY,HHHHHHHHHHHHHHHH,c1a-5,DISO,MID|BDV_P24 superfamily;,0,validNES:P132,1a
cand_D,p100,Homo sapiens,Q00653,827,DLAGLLEALSDMGLEE,CHHHHHHHHHHCCCHH,c1a-5,DISO,boundary|Death_NFkB2_p100;,0,NESdb:237,1a
cand_D,p120ctn,Homo sapiens,O60716,940,GQESLEEELDVLVLDD,CCCCHHHHCCCCCCCC,c1a-4,DISO,,0,NESdb:19,1a
cand_beta_D,p21Cip1; CDKN1A,Homo sapiens,P38936,60,EGDFAWERVRGLGLPK,CCCCEEEEECCCCCCC,c1a-AT-4,DISO,,0.714,"NESdb:210
validNES:P143",1a
cand_D,p38 (p40),Borna disease virus,P0C796,120,GEKTTQRDLTELEISS,CCCCCCCCCHHHHHHH,c1a-AT-4,boundary,MID|BDV_P40 superfamily;,0,NESdb:56,1a
cand_D,P53; TP53,Homo sapiens,P04637,336,ERFEMFRELNEALELKD,HHHHHHHHHHHHHHHHH,c1c-4,DISO,small|P53_tetramer;,0,"NESdb:6
validNES:P002",1c
cand_D,PAK4,Homo sapiens,O96013,81,ALTLLLDEFENMSVTR,CCCCCCCCCCCCCCCC,c1a-5,DISO,,0,NESdb:234,1a
cand_D,PAK4,Homo sapiens,O96013,537,NLHKVSPSLKGFLD,CCCCCCHHHHHHHH,c3-4,boundary,MID|STKc_PAK4;,0,NESdb:234,3
cand_D,PAK4,Homo sapiens,O96013,541,VSPSLKGFLDRLLVRD,CCHHHHHHHHHHCCCC,c1a-4,boundary,MID|STKc_PAK4;,0,NESdb:234,1a
cand_D,PAK5,Homo sapiens,Q9P286,393,QYISTASYLSSLSLSS,CCCCCCCCCCCCCCCC,c1a-AT-4,DISO,boundary|STKc_PAK5;,0,NESdb:236,1a
cand_D,Pap1,Schizosaccharomyces pombe,Q01663,515,ESFDIDDLCSKLKNKA,CCCCHHHHHHHHHHHC,c1aR-4,boundary,boundary|PAP1 superfamily;,0,"NESdb:8
validNES:P017",1a-R
cand_D,Pat1b; PATL1,Homo sapiens,Q86TB9,82,HEENLAERLSKMVIEN,CCCHHHHHHHHCCCCC,c1a-4,DISO,MID|PAT1 superfamily;,0,"NESdb:222
validNES:P165",1a
cand_D,PCNA,Homo sapiens,P12004,11,ILKKVLEALKDLIN,HHHHHHHHHHHHHC,c3-4,terminal,boundary|pcna;,0,NESdb:250,3
cand_D,PDK-1; Pdpk1,Mus musculus,Q9Z2A0,378,NYDNLLSQFGFMQVSS,CCCCCCCCCCCCCCCC,c1a-4,DISO,boundary|STKc_PDK1;,0,"NESdb:200
validNES:P129",1a
cand_D,Pericentrin; PCNT,Homo sapiens,O95613,241,AVHGLELEALRLSL,CCCCCHHHHHHHHC,c2-5,DISO,boundary|SMC_N superfamily;,0,"NESdb:158
validNES:P176",2
cand_D,Pericentrin; PCNT,Homo sapiens,O95613,243,HGLELEALRLSLSNMH,CCCHHHHHHHHCCCCC,c1aR-5,DISO,boundary|SMC_N superfamily;,0,"NESdb:158
validNES:P176",1a-R
cand_D,Pericentrin; PCNT,Homo sapiens,O95613,246,ELEALRLSLSNMHT,HHHHHHHHCCCCCH,c3-4,DISO,boundary|SMC_N superfamily;,0,"NESdb:158
validNES:P176",3
cand_D,Pericentrin; PCNT,Homo sapiens,O95613,1154,ERGALQDALRRLLGLFG,HHHHHHHHHHHHHHHHH,c1c-4,DISO,MID|SMC_N superfamily;,0,"NESdb:158
validNES:P176",1c
cand_D,Pericentrin; PCNT,Homo sapiens,O95613,1165,LLGLFGETLRAAVTLRS,HHHHHHHHHHHHHHHHH,c1c-5,DISO,MID|SMC_N superfamily;,0,"NESdb:158
validNES:P176",1c
cand_D,Pericentrin; PCNT,Homo sapiens,O95613,1536,LREKLDEFNELAIQK,HHHHHHHHHHHHHHH,c1b-4,DISO,MID|SMC_N superfamily; MID|SMC_N superfamily;,0,"NESdb:158
validNES:P176",1b
cand_D,Pericentrin; PCNT,Homo sapiens,O95613,1738,EIEQLHEVIEKLQH,HHHHHHHHHHHHHH,c3-4,DISO,MID|SMC_N superfamily;,0,"NESdb:158
validNES:P176",3
cand_D,Pericentrin; PCNT,Homo sapiens,O95613,1741,QLHEVIEKLQHELSLMG,HHHHHHHHHHHHHHCCC,c1c-5,DISO,MID|SMC_N superfamily;,0,"NESdb:158
validNES:P176",1c
cand_D,Pericentrin; PCNT,Homo sapiens,O95613,1745,VIEKLQHELSLMGP,HHHHHHHHHHCCCC,c3-4,DISO,MID|SMC_N superfamily;,0,"NESdb:158
validNES:P176",3
cand_D,Pericentrin; PCNT,Homo sapiens,O95613,1745,VIEKLQHELSLMGPVVHE,HHHHHHHHHHCCCCCCCC,c4-5,DISO,MID|SMC_N superfamily;,0,"NESdb:158
validNES:P176",4
cand_D,PLC-δ1,Rattus norvegicus,P10688,161,NFKELKDFLKELNIQV,CHHHHHHHHHHHCCCC,c1a-5,boundary,boundary|PH_PLC_delta; boundary|EFh_PI-PLCdelta1;,0,"NESdb:33
validNES:P024",1a
cand_D,Pou3f1,Mus musculus,P21952,363,SAHEITGLADSLQLEK,CHHHHHHHHHHCCCCC,c1a-AT-4,DISO,boundary|Homeobox;,0,validNES:P091,1a
cand_D,PP2A B56α; PPP2R5A,Homo sapiens,Q15172,450,EREELWKKLEELKLKK,HHHHHHHHHHHHHHHH,c1a-4,boundary,boundary|B56;,0,"NESdb:157
validNES:P167",1a
cand_D,Ppp3cb,Rattus norvegicus,P20651,412,AIGKMARVFSVLRE,HHHHHHHHHHHHHH,c3-4,DISO,,0,validNES:P215,3
cand_D,PRKD2,Homo sapiens,Q9BZL6,156,GEMLFGLVRQGLKCDG,HHHHHHHHHCCCCCCC,c1aR-4,boundary,boundary|C1_1; boundary|C1_1;,0,validNES:P158,1a-R
cand_beta_D,Protein 9b,Human SARS coronavirus,P59636,41,KVYPIILRLGSQLSLSM,CEEEEEEEECCCCHHHH,c1c-5,boundary,MID|SARS_lipid_bind;,0.625,"NESdb:214
validNES:P099",1c
cand_beta_D,Protein UL84,Human cytomegalovirus,P16727,222,RMAIVRLSLNLFALRI,HHCEEEEEEEEEEEEC,c1a-5,boundary,MID|Cytomega_UL84 superfamily;,1,"NESdb:209
validNES:P087",1a
cand_beta_D,Protein UL84,Human cytomegalovirus,P16727,224,AIVRLSLNLFALRIIT,CEEEEEEEEEEEECCC,c1a-5,boundary,MID|Cytomega_UL84 superfamily;,1,"NESdb:209
validNES:P087",1a
cand_beta_D,Protein UL84,Human cytomegalovirus,P16727,355,SPPDLTLSSLTLYQ,CCCCCEEEEEEEEE,c2-4,__,MID|Cytomega_UL84 superfamily;,0.714,"NESdb:209
validNES:P087",2
cand_D,P/V/C,Measles virus,Q9YZN9,72,AVRDLEKAMTTLKLWE,HHHHHHHHHHHHHHCC,c1a-5,boundary,MID|Paramyxo_NS_C;,0,validNES:P135,1a
cand_D,Rabies virus P protein,Rabies virus,P22363,45,EVDNLPEDMKRLHLDD,CCCCCHHHCCCCCCCC,c1a-5,DISO,MID|PP_M1;,0,"NESdb:63
validNES:P092",1a
cand_D,RanBP1,Homo sapiens,P43487,176,HAEKVAEKLEALSVKE,CHHHHHHHHHCCCCCC,c1a-4,DISO,boundary|RanBD_RanBP1;,0,"NESdb:7
validNES:P029",1a
cand_D,Rassf5,Mus musculus,Q5EBH1,368,SIPELQNFLTILEK,CHHHHHHHHHHHHH,c3-4,boundary,boundary|UBQ superfamily; small|Nore1-SARAH;,0,validNES:P108,3
cand_D,RBCK1,Homo sapiens,Q9BYM8,145,RERQLRMLEDLGFKD,HHHHHHHHCCCCCCC,c1b-4,boundary,boundary|Hoil1_N;,0,NESdb:131,1b
cand_D,RelA/Transcription factor p65,Homo sapiens,Q04206,432,GEGTLSEALLQLQFDD,CCCCCHHHHCCCCCCC,c1a-4,DISO,,0,"NESdb:25
validNES:P015",1a
cand_D,rev,Human immunodeficiency virus type 1 group M subtype B,P05865,74,QLPPLERLTLDC,CCCCCCCCCCCC,c2-rev,DISO,boundary|REV;,0,validNES:P010,2
cand_D,Rev,Bovine immunodeficiency virus,P24097,101,RLSGLDRRIQQLED,HHHHHHHHHHHHHH,c3-4,DISO,,0,"NESdb:235
validNES:P211",3
cand_D,Rev,Bovine immunodeficiency virus,P24097,108,RIQQLEDLVRHMSLGS,HHHHHHHHHHHHCCCC,c1a-5,DISO,,0,"NESdb:235
validNES:P211",1a
cand_D,Rex Protein,Human T-cell leukemia virus type 1,P0C205,78,SMDALSAQLYSSLSLDS,CCCCCCCCCCCCCCCCC,c1c-5,DISO,,0,NESdb:13,1c
cand_D,RIP3; RIPK3,Homo sapiens,Q9Y572,251,ETPGLEGLKELMQLCW,CCCCHHHHHHHHHHHC,c1d-4,boundary,boundary|PKc_like superfamily;,0,"NESdb:32
validNES:P128",1d
cand_D,RIP3; RIPK3,Homo sapiens,Q9Y572,279,CLPKTDEVFQMVEN,HHHHHHHHHHHHHH,c3-AT,boundary,boundary|PKc_like superfamily;,0,"NESdb:32
validNES:P128",3
cand_D,RIP3; RIPK3,Homo sapiens,Q9Y572,341,NDVMVSEWLNKLNLEE,CCCCHHHHHCCCCCCC,c1a-4,DISO,,0,"NESdb:32
validNES:P128",1a
cand_D,RITA,Homo sapiens,Q96K30,4,PVELAVSGMQTLGLQH,CCEEEECCCCCCCCCC,c1a-AT-5,DISO,boundary|RITA;,0.286,NESdb:183,1a
cand_D,RoXan,Homo sapiens,Q9UGR2,277,FGPELDTLLDSLSLVQ,CCCCHHHHHHHCCCCC,c1a-4,DISO,,0,NESdb:135,1a
cand_O,Rsp5,Saccharomyces cerevisiae,P39940,683,ELELLIGGIAEIDIED,HHHHHHHCCCCCCHHH,c1a-5,ORD,MID|HUL4;,0,NESdb:229,1a
cand_D,SBP2; SECISBP2,Homo sapiens,Q96T21,641,VDACVTDLLKELVRFQD,HHHHHHHHHHHHHHHHH,c1c-4,DISO,boundary|Ribosomal_L7Ae;,0,"NESdb:221
validNES:P117",1c
cand_D,SBP2; SECISBP2,Homo sapiens,Q96T21,644,CVTDLLKELVRFQD,HHHHHHHHHHHHHH,c3-4,DISO,boundary|Ribosomal_L7Ae;,0,"NESdb:221
validNES:P117",3
cand_D,SBP2; SECISBP2,Homo sapiens,Q96T21,751,SYDGAQDQFHKMVELTV,CCCCHHHHHHHHHHHHH,c1c-AT-4,DISO,boundary|Ribosomal_L7Ae;,0,"NESdb:221
validNES:P117",1c
cand_D,SENP2,Homo sapiens,Q9HC62,317,LEPDLSEEVSARLRLGS,CCCCCHHHHHHHHHCCC,c1c-4,DISO,,0,"NESdb:220
validNES:P123",1c
cand_D,SH2-Bβ,Rattus norvegicus,Q62985,221,GERWTHRFERLRLSR,CCCCHHHHHHHCCCC,c1b-AT-4,DISO,boundary|PH_SH2B_family;,0,NESdb:167,1b
cand_D,Sima,Drosophila melanogaster,Q24167,111,KASVMRITIAFLKIRE,HHHHHHHHHHHHHHHH,c1a-4,DISO,boundary|HLH;,0,"NESdb:152
validNES:P185",1a
cand_D,Sima,Drosophila melanogaster,Q24167,113,SVMRITIAFLKIRE,HHHHHHHHHHHHHH,c2-5,DISO,boundary|HLH;,0,"NESdb:152
validNES:P185",2
cand_D,Sima,Drosophila melanogaster,Q24167,113,SVMRITIAFLKIRE,HHHHHHHHHHHHHH,c3-4,DISO,boundary|HLH;,0,"NESdb:152
validNES:P185",3
cand_D,Sima,Drosophila melanogaster,Q24167,117,ITIAFLKIREMLQFVP,HHHHHHHHHHHHCCCC,c1aR-5,DISO,boundary|HLH;,0,"NESdb:152
validNES:P185",1a-R
cand_D,Sima,Drosophila melanogaster,Q24167,120,AFLKIREMLQFVPSLR,HHHHHHHHHCCCCCCC,c1aR-5,DISO,boundary|HLH;,0,"NESdb:152
validNES:P185",1a-R
cand_beta_O,Sirt1,Mus musculus,Q923E4,423,DEVDLLIVIGSSLKVRP,CCCCEEEEECCCCCCCC,c1c-4,ORD,MID|SIRT1;,0.625,NESdb:264,1c
cand_D,SIRT2,Homo sapiens,Q8IXJ6,37,DMDFLRNLFSQTLSLGS,CHHHHHHHHHHHHCCCC,c1c-5,boundary,,0,"NESdb:199
validNES:P112",1c
cand_beta_D,Smad1,Homo sapiens,Q15797,402,TVYELTKMCTIRMSF,EEEECCCEEEEEEEE,c1b-5,boundary,MID|MH2_SMAD_1_5_9;,0.571,"NESdb:40
validNES:P032",1b
cand_beta_D,Smad1,Homo sapiens,Q15797,403,VYELTKMCTIRMSF,EEECCCEEEEEEEE,c2-AT-4,boundary,MID|MH2_SMAD_1_5_9;,0.571,"NESdb:40
validNES:P032",2
cand_beta_D,Smad1,Homo sapiens,Q15797,405,ELTKMCTIRMSFVK,ECCCEEEEEEEEEE,c2-AT-5,boundary,MID|MH2_SMAD_1_5_9;,0.857,"NESdb:40
validNES:P032",2
cand_D,smad4.1,Xenopus laevis,Q9W639,134,VSPGIDLSGLTLQS,CCCCCCCCCCCCCC,c2-4,DISO,boundary|MH1_SMAD_4;,0,validNES:P004,2
cand_beta_D,SMARCB1,Homo sapiens,Q12824,262,VIIKLNIHVGNISLVD,EEEEEEEEECCEEEEE,c1a-5,boundary,MID|SNF5;,0.714,validNES:P218,1a
cand_O,Smurf1,Homo sapiens,Q9HCE7,601,ELELIIGGLDKIDLND,HHHHHHHCCCCCCHHH,c1a-5,ORD,MID|HECTc;,0,NESdb:58,1a
cand_D,Snail,Mus musculus,Q02085,131,GLGQLPKQLARLSVAK,CCCCCCCCCCCCCCCC,c1a-5,DISO,,0,"NESdb:211
validNES:P102",1a
cand_D,Spc27,Saccharomyces cerevisiae,P39723,414,YINDLEKQINDLQIDK,HHHHHHHHHHHHHHHH,c1a-5,DISO,MID|SMC_N superfamily;,0,NESdb:72,1a
cand_D,STAT1,Homo sapiens,P42224,193,KQEQLLLKKMYLML,HHHHHHHHHHHHHH,c2-4,boundary,MID|STAT_alpha;,0,"NESdb:27
validNES:P018",2
cand_D,STAT1,Homo sapiens,P42224,195,EQLLLKKMYLMLDNKR,HHHHHHHHHHHHHHHH,c1aR-4,boundary,MID|STAT_alpha;,0,"NESdb:27
validNES:P018",1a-R
cand_D,STAT1,Homo sapiens,P42224,305,TFSLFQQLIQSSFVVER,HHHHHHHHHCCEEEEEE,c1c-5,boundary,boundary|STAT_alpha; boundary|STAT_bind;,0.125,"NESdb:27
validNES:P018",1c
cand_D,STAT1,Homo sapiens,P42224,379,KFNILGTHTKVMNMEE,CCCCCCCCCCCCCCCC,c1a-AT-5,DISO,MID|STAT_bind;,0,"NESdb:27
validNES:P018",1a
cand_D,STAT1,Homo sapiens,P42224,396,TNGSLAAEFRHLQLKE,CCCCCCCCCCCCCCCC,c1a-4,DISO,MID|STAT_bind;,0,"NESdb:27
validNES:P018",1a
cand_D,STAT3,Mus musculus,P42227,309,IVELFRNLMKSAFVVER,HHHHHHHHHCCCEEEEE,c1c-5,boundary,boundary|STAT_alpha; boundary|STAT_bind;,0,NESdb:50,1c
cand_D,STAT3,Mus musculus,P42227,400,NNGSLSAEFKHLTLRE,CCCCCCCCCCCCCCCC,c1a-4,DISO,MID|STAT_bind;,0,NESdb:50,1a
cand_D,STAT3,Mus musculus,P42227,521,SIEQLTTLAEKLLG,CHHHHHHHHHHHCC,c3-AT,boundary,MID|STAT_bind; boundary|SH2_STAT3;,0,NESdb:50,3
cand_beta_D,Stau2,Rattus norvegicus,Q68SB1,1,XMLQINQMFSVQLSLGE,CCCCCCEEEEEEEECCE,c1c-5-Nt,boundary,,0.75,NESdb:122,1c
cand_beta_D,Stau2,Rattus norvegicus,Q68SB1-2,1,XMLQINQMFSVQLSLGE,CCCCCCEEEEEEEECCE,c1c-5-Nt,boundary,,0.75,validNES:P139,1c
cand_D,survivin; BIRC5,Homo sapiens,O15392,85,AFLSVKKQFEELTLGE,CCEECCCCCCCCCHHH,c1a-5,boundary,boundary|BIR;,0,"NESdb:123
validNES:P188",1a
cand_D,survivin; BIRC5,Homo sapiens,O15392,130,KVRRAIEQLAAMDX,HHHHHHHHHHCCC,c3-AT,DISO,,0,"NESdb:123
validNES:P188",3
cand_O,Tax,Human T-cell leukemia virus type 1,P03409,187,PYKRIEELLYKISLTT,CHHHHHHHHHHHHHCC,c1a-4,ORD,MID|Tax;,0,"NESdb:84
validNES:P081",1a
cand_O,Tax,Human T-cell leukemia virus type 1,P03409,194,LLYKISLTTGALIILPE,HHHHHHHCCCCEEEECC,c1c-AT-5,ORD,boundary|Tax;,0.125,"NESdb:84
validNES:P081",1c
cand_O,Tax,Human T-cell leukemia virus type 1,P03409,194,LLYKISLTTGALIILP,HHHHHHHCCCCEEEEC,c1a-AT-5,ORD,boundary|Tax;,0,"NESdb:84
validNES:P081",1a
cand_D,Tbx5,Gallus gallus,Q9PWE8,142,PATGAHWMRQLVSFQK,CCCHHHHHHCCCCCCC,c1d-AT-4,boundary,MID|TBOX;,0,"NESdb:127
validNES:P124",1d
cand_D,Tbx5,Gallus gallus,Q9PWE8,149,MRQLVSFQKLKLTN,HHCCCCCCCHHCCC,c2-4,boundary,MID|TBOX;,0,"NESdb:127
validNES:P124",2
cand_D,TCF11; NFE2L1,Homo sapiens,Q14494,245,GEDQTALSLEECLRLLE,CCCCCCCCHHHHHHHHH,c1c-AT-4,DISO,,0,"NESdb:101
validNES:P104",1c
cand_beta_D,TDP-43,Homo sapiens,Q13148,244,CGEDLIIKGISVHI,HCCCEEECCEEEEE,c2-4,boundary,boundary|RRM2_TDP43;,0.571,NESdb:193,2
cand_beta_D,TDP-43,Homo sapiens,Q13148,246,EDLIIKGISVHISNAE,CCEEECCEEEEEEECC,c1aR-4,boundary,boundary|RRM2_TDP43;,0.714,NESdb:193,1a-R
cand_D,TFIIIA,Bufo americanus,P34694,329,PLPVLENLTLKX,CCCCCCCCCCC,c2-rev,DISO,,0,NESdb:15,2
cand_D,Tgs1 LF,Homo sapiens,Q96RS0,313,DHSEILDGISNIKLNS,CCCCCCCCCCCCCCCH,c1a-4,DISO,,0,NESdb:223,1a
cand_D,TIS11; Zfp36,Rattus norvegicus,P47973,1,XXMDLSAIYESLMSMS,CCHHHHHHHHHCCCCC,c1aR-5-Nt,DISO,,0,"NESdb:36
validNES:P027",1a-R
cand_D,TIS11; Zfp36,Rattus norvegicus,P47973,2,DLSAIYESLMSMSH,CHHHHHHHHHCCCC,c3-4,DISO,,0,"NESdb:36
validNES:P027",3
cand_D,TOB1,Homo sapiens,P50616,5,IQVALNFIISYLYNKL,HHHHHHHHHHHHHCCC,c1aR-4,terminal,boundary|btg1;,0,validNES:P098,1a-R
cand_D,TOB1,Homo sapiens,P50616,9,LNFIISYLYNKLPRRR,HHHHHHHHHCCCCHHH,c1aR-4,terminal,boundary|btg1;,0,validNES:P098,1a-R
cand_D,Topoisomerase 2-alpha; TOP2A,Homo sapiens,P11388,1014,TVLDILRDFFELRLKY,CHHHHHHHHHHHHHHH,c1a-5,boundary,MID|PTZ00108;,0,"NESdb:121
validNES:P136",1a
cand_D,Topoisomerase 2-alpha; TOP2A,Homo sapiens,P11388,1051,QARFILEKIDGKIIIEN,HHHHHHHHHCCCCCCCC,c1c-4,boundary,MID|PTZ00108;,0,"NESdb:121
validNES:P136",1c
cand_D,Topoisomerase 2-alpha; TOP2A,Homo sapiens,P11388,1052,ARFILEKIDGKIIIEN,HHHHHHHHCCCCCCCC,c1aR-4,boundary,MID|PTZ00108;,0,"NESdb:121
validNES:P136",1a-R
cand_D,Topoisomerase II-beta; TOP2B,Homo sapiens,Q02880,1035,TVQDILKEFFDLRLSY,CHHHHHHHHHHHHHHH,c1a-5,boundary,MID|PTZ00108;,0,"NESdb:95
validNES:P138",1a
cand_D,Trip6,Mus musculus,Q9Z1Y4,96,EIDSLTSMLADLDG,CCCCCCCCCCCCCC,c3-4,DISO,MID|Atrophin-1 superfamily;,0,NESdb:137,3
cand_D,TRIP-Br2; SERTAD2,Homo sapiens,Q14140,229,FEITTSTGFLTDLTLDD,CCCCCCCCCCCCCCCCC,c1c-AT-4,DISO,,0,"NESdb:192
validNES:P186",1c
cand_D,TRIP-Br2; SERTAD2,Homo sapiens,Q14140,237,FLTDLTLDDILFAD,CCCCCCCCCCCCCC,c2-5,DISO,,0,"NESdb:192
validNES:P186",2
cand_D,Tropomodulin-1; TMOD1,Homo sapiens,P28289,124,SDAELCDIAAILGMHT,HHHHHHHHHHHHCCCC,c1a-AT-4,DISO,boundary|Tropomodulin;,0,"NESdb:206
validNES:P093",1a
cand_D,UL4,Human herpesvirus 1,P10188,165,GTAEFLQPTADLLVEV,CCCCCCCCCCHHHHHH,c1a-AT-4,DISO,boundary|Herpes_UL4;,0,NESdb:231,1a
cand_D,UL4,Human herpesvirus 1,P10188,166,TAEFLQPTADLLVEVLR,CCCCCCCCCHHHHHHHH,c1c-AT-4,DISO,boundary|Herpes_UL4;,0,NESdb:231,1c
cand_D,UL4,Human herpesvirus 1,P10188,172,PTADLLVEVLREIQLSP,CCCHHHHHHHHHHCCCC,c1c-4,DISO,boundary|Herpes_UL4;,0,NESdb:231,1c
cand_D,UL4,Human herpesvirus 1,P10188,173,TADLLVEVLREIQLSP,CCHHHHHHHHHHCCCC,c1a-4,DISO,boundary|Herpes_UL4;,0,NESdb:231,1a
cand_D,UL47 (HSV-1),Human herpesvirus 1,P10231,645,GGSVLGPRVRVVDIMS,CCCCCCCCCCHHHHHH,c1a-4,DISO,boundary|Herpes_UL47 superfamily;,0,NESdb:91,1a
cand_D,UL47 (HSV-1),Human herpesvirus 1,P10231,654,RVVDIMSQFRKLLMGD,CHHHHHHHHHHHHHCC,c1a-5,DISO,boundary|Herpes_UL47 superfamily;,0,NESdb:91,1a
cand_D,USP21,Homo sapiens,Q9UK80,131,GTGELGAALSRLALRP,CCCCCCCCCCCCCCCC,c1a-4,DISO,,0,validNES:P213,1a
cand_D,VEEV Capsid protein,Venezuelan equine encephalitis virus,P09592,37,QVQELTRSMANLTFKQ,HHHHHHHHHHHHHCCC,c1a-5,DISO,,0,NESdb:144,1a
cand_D,VIK-1; ZNF655,Homo sapiens,Q8N720,95,RLERLQEILRKFLY,CCCCHHHHHHCCCC,c3-4,DISO,,0,"NESdb:207
validNES:P114",3
cand_D,VIK-1; ZNF655,Homo sapiens,Q8N720,95,RLERLQEILRKFLYLER,CCCCHHHHHHCCCCCCC,c1c-5,DISO,,0,"NESdb:207
validNES:P114",1c
cand_D,VIK-1; ZNF655,Homo sapiens,Q8N720,98,RLQEILRKFLYLER,CHHHHHHCCCCCCC,c3-4,DISO,,0,"NESdb:207
validNES:P114",3
cand_D,VP19C,Human herpesvirus 1,P32888,338,LEPALERLFGRLRITN,HHHHHHHHHHHHHCCC,c1a-4,boundary,MID|PHA03261;,0,NESdb:249,1a
cand_beta_D,VP3,Chicken anemia virus,Q99152,29,HCREIRIGIAGITITL,EEEEEEEEEEEEEEEE,c1a-4,DISO,MID|CAV_VP3;,1,"NESdb:134
validNES:P118",1a
cand_beta_D,VP3,Chicken anemia virus,Q99152,31,REIRIGIAGITITL,EEEEEEEEEEEEEE,c2-4,DISO,MID|CAV_VP3;,1,"NESdb:134
validNES:P118",2
cand_D,Vpr (HIV-1),Human immunodeficiency virus type 1,P05928,56,GVEAIIRILQQLLFIH,HHHHHHHHHHHHHHHH,c1a-5,boundary,boundary|VPR;,0,NESdb:86,1a
cand_D,Vpr (HIV-1),Human immunodeficiency virus type 1,P05928,59,AIIRILQQLLFIHFRI,HHHHHHHHHHHHHCCC,c1a-5,boundary,boundary|VPR;,0,NESdb:86,1a
cand_D,vsx1,Danio rerio,O42250,33,RSKGFAITDLLGLES,CCCCCCHHHCCCCCC,c1b-AT-4,DISO,,0,validNES:P200,1b
cand_D,WASL,Homo sapiens,O00401,221,TGFDLNNLDPELKNLF,CCCCCCCCCHHHHHHH,c1aR-5,DISO,boundary|PBD;,0,validNES:P077,1a-R
cand_D,WASL,Homo sapiens,O00401,224,DLNNLDPELKNLFD,CCCCCCHHHHHHHH,c3-4,DISO,MID|PBD;,0,validNES:P077,3
cand_D,WASL,Homo sapiens,O00401,224,DLNNLDPELKNLFDMCG,CCCCCCHHHHHHHHHCC,c1c-5,DISO,boundary|PBD;,0,validNES:P077,1c
cand_D,WDR42A,Homo sapiens,Q5TAQ9,35,TSSGIEVEASDLSLSL,CCCCCCCCCCCCCCCC,c1a-AT-4,DISO,,0,NESdb:239,1a
cand_D,XAB1/Gpn1,Homo sapiens,Q9HCN4,291,QLERLRKDMGSVALDA,HHHHHHHHHCCCCCCC,c1a-5,DISO,boundary|ATP_bind_1;,0,NESdb:240,1a
cand_D,XBP1,Homo sapiens,P17861,182,PLQNISPWILAVLT,CHHHHHHHHHHHHH,c3-4,DISO,,0,validNES:P088,3
cand_D,XBP1,Homo sapiens,P17861,182,PLQNISPWILAVLTLQI,CHHHHHHHHHHHHHHHH,c1c-5,DISO,,0,validNES:P088,1c
cand_D,XBP1,Homo sapiens,P17861,187,SPWILAVLTLQIQS,HHHHHHHHHHHHHH,c2-4,DISO,,0,validNES:P088,2
cand_D,XBP1,Homo sapiens,P17861,190,ILAVLTLQIQSLIS,HHHHHHHHHHHHHH,c3-4,DISO,,0,validNES:P088,3
cand_D,Xp54; ddx6,Xenopus laevis,P54824,146,SGAYLIPLLERLDLKK,CHHHHHHHHHHCCCCC,c1a-4,boundary,MID|SrmB;,0,"NESdb:52
validNES:P048",1a
cand_D,Xp54; ddx6,Xenopus laevis,P54824,150,LIPLLERLDLKK,HHHHHHHCCCCC,c2-rev,boundary,MID|SrmB;,0,"NESdb:52
validNES:P048",2
cand_D,Zinc finger protein RFP; TRIM27,Homo sapiens,P14373,196,HEYRLLARLEELDLAI,HHHHHHHHHHHHHHHH,c1a-4,boundary,MID|SMC_N superfamily;,0,"NESdb:43
validNES:P036",1a
cand_D,ZO-2; TJP2,Canis familiaris,Q95168,715,RPVVLFGPIADIALEK,CCEEECCCHHHHHHHH,c1a-4,boundary,MID|GuKc;,0.143,"NESdb:203
validNES:P115",1a
cand_D,ZO-2; TJP2,Canis familiaris,Q95168,724,ADIALEKLANELPDLF,HHHHHHHHHHHCCCCC,c1aR-5,boundary,MID|GuKc;,0,"NESdb:203
validNES:P115",1a-R
cand_D,Zyxin,Gallus gallus,Q04584,316,NSPLTMKEVEELELLT,CCCCCCHHHHHHHHHH,c1a-AT-4,DISO,boundary|Atrophin-1 superfamily; boundary|LIM1_Zyxin;,0,NESdb:23,1a
cand_D,Zyxin,Gallus gallus,Q04584,323,EVEELELLTQKLMK,HHHHHHHHHHHHHH,c3-AT,DISO,boundary|Atrophin-1 superfamily; boundary|LIM1_Zyxin;,0,NESdb:23,3
